level,key,tmc_bias_mean,tmc_residual_std,tmc_count,ftr_bias_mean,ftr_residual_std,ftr_count,ot_bias_mean,ot_residual_std,ot_count
agent,11741170013,-2.319285815437916,5.520565884038645,2967,0.11311379369859306,0.3832345443898009,2967,-0.8196831816649814,0.38445111959851863,2967
agent,11741900049,-2.2637606681189797,8.064720809857747,1721,0.10587452798822049,0.37566308562397477,1721,-0.7640906449738524,0.42456581496547113,1721
agent,11741920010,-1.3599359247526173,9.181879111500724,2485,0.12036030288313476,0.38755456963410034,2485,-0.8531187122736419,0.35398753515089326,2485
agent,11743190006,-1.982382101606029,5.2219385979604755,129,0.05761172004448351,0.3294357149945163,129,-0.7829457364341085,0.41223986977700255,129
agent,11750000013,-2.3014428374601996,6.842261777306268,2899,0.1146830371296706,0.38439873369305283,2899,-0.8157985512245602,0.3876483909994582,2899
agent,11763970008,-0.14808260268881418,47.02095317752748,1345,0.08279749152828769,0.3545247934185136,1345,-0.8520446096654275,0.35505576013566764,1345
agent,11776310014,-0.4876886360075792,53.25054820833109,2964,0.07624879846407173,0.3495625178333731,2964,-0.8333333333333334,0.3726779962499649,2964
agent,11792920033,-2.064355200597785,47.13042983865427,1562,0.06093658292224862,0.3324078650061582,1562,-0.9263764404609475,0.26115729172254043,1562
agent,11797610012,-0.2660758751797011,10.461810938821523,3012,0.10007098309230678,0.372830811289453,3012,-0.8243691899070386,0.3805057537528855,3012
agent,11802570011,-2.3467856319062714,5.889555531154158,2468,0.08591081342709703,0.35764892780215246,2468,-0.8893841166936791,0.31365587778118115,2468
agent,11802970016,-0.21816269406508831,10.348386096903985,2011,0.08484394803146768,0.3579446666383022,2011,-0.7946295375435107,0.4039720728056545,2011
agent,11804610011,-0.5134913732791128,7.770330423851688,2769,0.09360098304968958,0.3654643799018719,2769,-0.8526543878656555,0.35445011315994784,2769
agent,11808370014,-0.7463771013113168,18.63911588668171,1976,0.12530446846626306,0.3922964467020998,1976,-0.8456477732793523,0.36128605955257326,1976
agent,11819640012,-0.20153224248471469,14.122477968277419,2875,0.07720012535219607,0.3500855888108827,2875,-0.8852173913043478,0.31875940995784413,2875
agent,11825920010,-0.4691761079733756,14.609221856398204,2487,0.10625726257192115,0.3770079512244922,2487,-0.8464012866907921,0.3605636539904759,2487
agent,11826910011,-1.903429267603323,4.61570874898447,2180,0.10665750874018451,0.37680705987106283,2180,-0.8720183486238532,0.33406937645821594,2180
agent,11836000039,-1.3324558147626095,62.163078949230886,1969,0.0805272331556855,0.3517377944672634,1969,-0.8049771457592687,0.39621829912881323,1969
agent,11847070015,-1.1561825412062565,24.24336497297934,2879,0.07804115989755615,0.35093951809470425,2879,-0.7912469607502605,0.40641752896957617,2879
agent,11851660012,-1.3835821248639935,5.216279957938574,1673,0.10398335900053035,0.37495177332335194,1673,-0.8344291691572027,0.3716949432220233,1673
agent,11855170030,-2.1677243969342324,5.601684276064164,826,0.10091179028405982,0.3726871587298214,826,-0.8849878934624698,0.3190365525881478,826
agent,11869630008,-0.36480779438523275,25.208450523906418,1777,0.11470838468867739,0.3829979027154236,1777,-0.8728193584693303,0.3331752180917977,1777
agent,11889840011,-1.8228630766108138,22.977552228464695,1994,0.04869279658483526,0.31931631653786546,1994,-0.8189568706118355,0.38505391140657796,1994
agent,11927980012,0.2819898608261629,43.003913106730344,1963,0.08589587803556187,0.35785141375394414,1963,-0.8150789607743251,0.388233497366432,1963
agent,11929800010,-0.7044556110289569,9.498946499009678,2103,0.08203413084156447,0.35345321575499505,2103,-0.8777936281502615,0.3275240060347667,2103
agent,11930360177,-1.380784601417538,18.218054129625035,2213,0.0686209969899259,0.34164729055155335,2213,-0.8639855399909625,0.34280391870205834,2213
agent,11931870124,-1.5182843570177882,50.92095249636697,1041,0.0797147341466202,0.3528581873937591,1041,-0.9414024975984631,0.23486982589051073,1041
agent,11932200015,-1.280862451144005,45.28903398826169,1095,0.08153829015281103,0.35368903375656546,1095,-0.8547945205479452,0.3523078883436386,1095
agent,11933210014,2.2598252716833156,69.06729421086821,1588,0.08975582329617339,0.3597435878482175,1588,-0.8853904282115869,0.3185501810435676,1588
agent,11939730128,-1.2833810055349755,36.19853604171996,2540,0.08582186735286487,0.3596256943329505,2540,-0.8976377952755905,0.3031240402349632,2540
agent,11939830008,-1.2636628920943649,5.472331788494236,1350,0.1119705409694601,0.381003276442028,1350,-0.8303703703703704,0.3753070987622594,1350
agent,11941240153,-1.873910576888408,6.7272081268909485,3196,0.1730686959825708,0.4252661202877107,3196,-0.8976846057571964,0.30306262445861454,3196
agent,11942180012,-2.2162818346525492,11.453571012118257,3800,0.11435825806307165,0.38246000690899806,3800,-0.8555263157894737,0.35156939397672754,3800
agent,12827770096,-1.7955744106688556,9.751513186113366,2178,0.08739875159179321,0.3605136321963671,2178,-0.8691460055096418,0.3372406064166583,2178
agent,12857120011,-1.158025851132955,8.581345704075817,2124,0.08550695438646552,0.357740162079718,2124,-0.8290960451977402,0.37642501648430193,2124
agent,12936270022,-0.7043183655191381,7.402431319101257,2404,0.09219927374837601,0.36490016842435213,2404,-0.8219633943427621,0.38254355660929257,2404
agent,13022900010,-21.2276611328125,19.5550537109375,2,0.43253473937511444,0.5,2,-1.0,0.0,2
agent,13022910008,0.06622206072053786,22.867940654253474,2411,0.10982744228241603,0.3798188571688339,2411,-0.826627955205309,0.37856859203901044,2411
agent,13034930010,-0.5941474720225117,39.981382675391,2709,0.10204629466933225,0.3725524916789757,2709,-0.7932816537467701,0.4049516904219066,2709
agent,13036370015,-0.694917537976366,15.560277052867415,2803,0.08607496865043204,0.3590606658504535,2803,-0.7991437745272922,0.40064073951804313,2803
agent,13057910014,-1.4018273457700534,12.91204801747338,3801,0.08738547266000071,0.36031636577923,3801,-0.840568271507498,0.36607820536381996,3801
agent,13058300008,-2.258532336158474,15.329045395291434,2055,0.10309833702234746,0.3741588612535235,2055,-0.8321167883211679,0.3737625434888207,2055
agent,13071500018,-1.2811361595094781,6.355775331071546,4136,0.10804774705140457,0.37600272711184607,4136,-0.8479206963249516,0.35909774305718045,4136
agent,13172700006,-0.4142042306753305,9.40129848708726,351,0.07860271946826891,0.35223150023628663,351,-0.7863247863247863,0.40990013019766836,351
agent,13191900009,-2.2280863061764915,15.287994046096529,5409,0.10982460808921464,0.3802433069656942,5409,-0.8626363468293585,0.34423085271116716,5409
agent,13245130010,0.7774285617087882,54.64190477253423,3534,0.11088398876470837,0.3804697517696383,3534,-0.8217317487266553,0.3827383987285418,3534
agent,13268100006,-1.360715615419531,12.997866923218897,2024,0.0980055816103465,0.3693478170468801,2024,-0.7860671936758893,0.4100799442820891,2024
agent,13280540008,-1.7887974637288122,13.379388076669802,4769,0.09273630024739896,0.3625646035864832,4769,-0.881945900608094,0.3226721695601776,4769
agent,13296300005,-2.0960801329481775,12.481900888409205,3095,0.07997182377031817,0.3528350158132556,3095,-0.8610662358642972,0.3458773963686955,3095
agent,13298110009,-0.6339031653755849,16.051809960805727,3092,0.09127779908834885,0.36435002691904933,3092,-0.8347347994825356,0.3714197275527873,3092
agent,13299100007,-1.7009295399983724,6.193588175823915,150,0.021000479459762574,0.28121740590722455,150,-0.86,0.3469870314579495,150
agent,13351350003,-1.5145890500768726,6.654484909672203,2542,0.11872130402610773,0.3860589860853205,2542,-0.8143194335169158,0.3888486771400992,2542
agent,13351500005,-1.948158491888935,27.45707505961912,3970,0.08470184306428775,0.35824019867845786,3970,-0.8425692695214105,0.3642063914589737,3970
agent,13351930005,-1.829828183879781,12.185733431695052,2407,0.11291814016315221,0.38254663209054424,2407,-0.8388034898213543,0.3677121092442721,2407
agent,13363150002,-0.8205820719401041,3.078534176562518,6,-0.06746526062488556,0.0,6,-1.0,0.0,6
agent,13363160002,1.140044050545528,66.49646776928192,2175,0.1061747767390876,0.3758127046616145,2175,-0.8390804597701149,0.3674567209918571,2175
agent,13363500002,-1.6273653986972452,29.43252848188559,2957,0.11598171492787201,0.38534600640845373,2957,-0.8068988840040582,0.39473164934809024,2957
agent,13363700002,-1.9743769005677545,24.31945256218683,4208,0.11487282779662668,0.3828402959832966,4208,-0.8174904942965779,0.3862638813444956,4208
agent,13364300003,-0.3854110725397749,18.62493014707668,3002,0.09809649364897444,0.3689568905994075,3002,-0.8194536975349767,0.3846418270693291,3002
agent,13364500003,0.18315107134572856,11.098389775197589,2766,0.0882751783403209,0.36097612677715313,2766,-0.8394793926247288,0.367088193739795,2766
agent,13364910003,-1.0548122398915345,8.087514678050388,2152,0.09896544945949072,0.37130000057251356,2152,-0.8313197026022305,0.3744692973630408,2152
agent,13366510003,-2.705952690195963,17.747019767554136,4805,0.09383503389966351,0.3668156784934996,4805,-0.8222684703433923,0.3822865849366546,4805
agent,13366700003,-1.9782389378873277,33.06931632131615,1318,0.05606249585318095,0.32823357523501456,1318,-0.8148710166919575,0.38840216637832103,1318
agent,13366730003,-0.5460438733757288,33.9172477036712,3516,0.10084942666404755,0.37057929128479705,3516,-0.7960750853242321,0.4029138169016406,3516
agent,13367100003,-2.667270326014585,12.14493057635789,5088,0.106206736952043,0.37800876366889186,5088,-0.858687106918239,0.348344024393449,5088
agent,13367300003,-1.2690068614245198,5.106163884009722,3561,0.13010063400030203,0.39647155396480804,3561,-0.7913507441729851,0.4063431356253577,3561
agent,13367700003,0.3740565621459666,59.411979239397965,2486,0.10294629354704223,0.3743043348365943,2486,-0.8374899436846339,0.3689180639542371,2486
agent,13367710002,-2.071522899280895,5.482873495173776,1375,0.09367196091738614,0.3654573850153227,1375,-0.8254545454545454,0.3795778429294513,1375
agent,13367910002,-1.1884082731653431,8.67824549537795,976,0.10853684406544341,0.37639967706385324,976,-0.7848360655737705,0.4109360239118185,976
agent,13367940002,-1.4254786413009852,5.639111488151998,584,0.1461547677698609,0.406679477905588,584,-0.8253424657534246,0.37967391269019485,584
agent,13368040003,-1.8038722480283353,19.647897536923722,3437,0.10137681238589538,0.3714715496680951,3437,-0.7876054698865289,0.40900255951686765,3437
agent,13374330002,-1.5571801734275201,5.39573677278098,4149,0.11309086355955579,0.3832578141441626,4149,-0.8303205591708845,0.3753509400401632,4149
agent,13375110004,-1.7283436190023709,4.985601684168581,5114,0.10874587460612244,0.37829429029203143,5114,-0.8574501368791553,0.3496132143456153,5114
agent,13375120003,-2.1652875836543775,19.656844526905683,3472,0.10714945416416853,0.3779064504788528,3472,-0.8499423963133641,0.3571278752246322,3472
agent,13375200003,-1.1275432113297144,24.081829853997384,3441,0.0957673658199762,0.36523842163411924,3441,-0.8000581226387679,0.3999564014220777,3441
agent,13375250005,-1.7452592214615357,37.53752352602816,3814,0.12178969430514013,0.38798211530971377,3814,-0.8141059255374934,0.3890211659308972,3814
agent,13375530003,1.020956966233778,30.31656114916496,2591,0.10804770602217424,0.3796347147149949,2591,-0.8436896950984176,0.3631492716269121,2591
agent,13375700003,-0.5394711641737154,8.256209542494386,3205,0.08873416716799536,0.3624419035118621,3205,-0.8,0.3999999999999999,3205
agent,13378700001,-2.5173920056442687,4.742664205224832,1934,0.12257204586957825,0.3891640046355405,1934,-0.812306101344364,0.3904675390644961,1934
agent,13388750002,-1.1654359315618756,5.597289941773291,4207,0.10927733703509118,0.3794086423083546,4207,-0.8821012598050868,0.3224881815747138,4207
agent,13392970001,-0.02691704886300223,5.060802720529367,21,0.12301092985130492,0.392676726249301,21,-0.9047619047619048,0.29354352395090355,21
agent,13395910001,1.117063734266493,4.88775185732402,9,0.48809029493067,0.49690399499995325,9,-0.5555555555555556,0.49690399499995325,9
agent,13405100002,-1.9862795644158484,5.694475835675933,596,0.10916202295346548,0.3808390658930728,596,-0.8439597315436241,0.3628935147897217,596
agent,13428920001,-1.5852431310677193,9.034789843248497,2353,0.0850116004791353,0.357545359227757,2353,-0.8266043348916277,0.3785889702962799,2353
agent,13433410001,-1.8778625281105756,6.241515322744787,4861,0.09618432215642743,0.36790707493481056,4861,-0.8543509565932935,0.3527540213256509,4861
agent,13447310001,-4.6856689453125,0.0,1,0.9325347393751144,0.0,1,0.0,0.0,1
agent,13457740002,-0.7739752689378973,34.13311172162201,3727,0.10831787475782839,0.3769147841336621,3727,-0.8535014757177355,0.35360529784688355,3727
agent,13460310003,-1.030592010276216,15.648242331608945,1926,0.12386424191922785,0.3884642075817677,1926,-0.7824506749740394,0.41257922415786946,1926
agent,13479520002,-2.062145607679191,36.28066389889693,1538,0.09462434835295994,0.366778376483815,1538,-0.7984395318595578,0.4011656089739597,1538
agent,13486320001,-1.4122073368527,6.610485396786455,4289,0.10831124052200375,0.37826306478716887,4289,-0.8535789228258335,0.3535278565167437,4289
agent,13490920001,-1.3316415478265367,6.889139615329851,2195,0.12013294173400331,0.38847928035596707,2195,-0.8068337129840547,0.3947823103641028,2195
agent,13499950002,-1.4772649884121962,10.706324365932096,2338,0.08690299629731704,0.3592921902224842,2338,-0.9063301967493584,0.291368789010813,2338
agent,13503140003,-1.7686663974568728,8.179210924903197,2823,0.0982541759207111,0.36858966928273595,2823,-0.8947927736450585,0.3068202501101282,2823
agent,13505510002,-2.0928386327007185,9.285255927417023,961,0.1142404272795716,0.3837071746048442,961,-0.8022892819979188,0.3982727582815359,961
agent,13536140003,2.8215365739606737,97.28689061348955,911,0.11712188328463997,0.3853111576900177,911,-0.8243688254665203,0.38050606442666596,911
agent,13541110001,-0.7856354185812475,7.235302989603423,2901,0.0906986623786721,0.3637349902755009,2901,-0.8169596690796277,0.3866995838851303,2901
agent,13545720002,-2.0115462904710038,15.713301940782364,5200,0.08993870512510721,0.36223445163886037,5200,-0.8125,0.3903123748998999,5200
agent,13549790002,-2.3421874377350465,9.832178080070008,2953,0.07583270351381331,0.34947277434876206,2953,-0.9390450389434474,0.23924768291280638,2953
agent,13561580002,-2.197224668024008,5.835943659733839,243,0.10926113256211144,0.3770036442223,243,-0.8559670781893004,0.3511231112378854,243
agent,13561970002,-0.25678003307233793,22.559800803184057,3403,0.11444714466176102,0.3844363016907893,3403,-0.8874522480164561,0.31603916767861956,3403
agent,13579230002,-0.13257373970813735,33.0852554084066,2322,0.11089774028018669,0.38176607922514305,2322,-0.8652024117140397,0.34150724513288017,2322
agent,13579560002,-1.4186028374565973,3.176673916058884,9,0.04364585048622555,0.3142696805273545,9,-0.6666666666666666,0.4714045207910317,9
agent,13603710001,-0.9988070698210988,13.199469525718,3130,0.10307851310450429,0.3739719705861791,3130,-0.8182108626198084,0.3856706456430894,3130
agent,13605040001,-9.879281329624543,58.50589000022906,591,0.13187413537865364,0.3980178178017664,591,-0.9120135363790186,0.2832752121885272,591
agent,13632600002,-1.1878082500029286,33.58893669504752,1834,0.09096640765244464,0.3634856622420259,1834,-0.8440567066521265,0.36280157470398694,1834
agent,13633310001,-2.7963520313027166,9.002549961703204,2524,0.09755383333908586,0.36957462463716,2524,-0.8712361331220285,0.3349384024930607,2524
agent,13634340002,-7.081696654202645,74.31246495727632,285,0.105884885055977,0.3769233293411983,285,-0.9263157894736842,0.26125628728401795,285
agent,13640530003,-1.2141571503231618,8.396832210810143,3912,0.1384336821932978,0.40258212652374026,3912,-0.8310327198364008,0.3747230155697872,3912
agent,13655510001,-2.742645856953578,4.706411143540463,733,0.08344765353088977,0.35528482163030517,733,-0.747612551159618,0.43438234829263667,733
agent,13657910001,-1.2093387047299968,7.552204703717488,2653,0.1119005509953745,0.38158855093560146,2653,-0.8085186581228797,0.3934669459942699,2653
agent,13674380001,2.1561722520220976,39.90770505167015,446,0.08517923276253345,0.356721800903975,446,-0.7869955156950673,0.4094307926511175,446
agent,13683190002,-0.9131143247509724,9.476738138983416,1189,0.07698730168170143,0.34972819170857405,1189,-0.7947855340622372,0.40385825348461263,1189
agent,13717750002,-2.093300290153017,13.110167353039643,2948,0.09416183038757485,0.3655177747977213,2948,-0.826662143826323,0.3785390914962294,2948
agent,13719510003,-1.2662502152735948,7.061944685417181,869,0.09827001854108584,0.36912368281618996,869,-0.8630609896432682,0.3437829515831911,869
agent,13721920001,1.1686946600255832,42.09042594342444,2485,0.11430175702576666,0.38216539801827637,2485,-0.8647887323943662,0.341949090828023,2485
agent,13738310002,-1.3618261547939252,36.80824959482559,3341,0.09615135825311877,0.36865013758715076,3341,-0.8428614187369051,0.3639313775174059,3341
agent,13746710001,-0.018299272258051894,74.8856992657534,2521,0.03946202204890405,0.307594089809376,2521,-0.879412931376438,0.3256467833471389,2521
agent,13751130003,-2.4566622718546465,8.125911524415512,4239,0.08040771428271548,0.3541585892745611,4239,-0.7850908233073838,0.41075932425925293,4239
agent,13763330001,-1.883257634299142,20.01409698961687,1960,0.12041143945285253,0.3887798463574704,1960,-0.8255102040816327,0.3795301134807801,1960
agent,13797940002,-1.7050685551814262,5.540968809771707,173,0.10906492449300137,0.3777147758934263,173,-0.8497109826589595,0.35735448592078,173
agent,13798710001,-1.9951650807610202,19.2657501642373,3914,0.07379825838865768,0.3454560305962026,3914,-0.8275421563617782,0.37777789216135516,3914
agent,13807530001,-0.8651784315641345,7.759314688121904,699,0.06577498330408241,0.33958841827044006,699,-0.8111587982832618,0.3913824245554678,699
agent,13908940002,-2.68528728161828,29.86884948090242,2006,0.09164881998169815,0.3633083749362344,2006,-0.8549351944167497,0.35216616499082376,2006
agent,13912960003,-1.4020938475374054,12.218068113713898,2157,0.11743319527136821,0.38415152614605014,2157,-0.8020398701900788,0.3984619389798232,2157
agent,13913940001,-1.0180674459313601,17.94159450223118,3515,0.09986983061175936,0.3718933003417426,3515,-0.8036984352773826,0.3971992704047548,3515
agent,13915390002,-1.369713705764667,4.712596337892579,3544,0.10916027545710315,0.378795125877251,3544,-0.8213882618510158,0.38302687261389756,3544
agent,13922550002,-1.3451585503583243,6.404635388990311,4337,0.11386864194472539,0.3828419604032226,4337,-0.868111597878718,0.33836940096169593,4337
agent,13923110003,-2.82141684304819,6.091090165144717,646,0.11419001037122295,0.38320980722219644,646,-0.9256965944272446,0.26226400723897675,646
agent,13923150002,-2.96065360677121,61.81700721658505,1081,0.09536911272870292,0.36701453589560035,1081,-0.8482886216466234,0.35874090376132917,1081
agent,13924780002,-0.9086527618999322,8.321765348580362,3459,0.08308995270632567,0.3545347800262815,3459,-0.8661462850534837,0.3404950777052923,3459
agent,13931330002,-1.5819732709559782,15.36199066859935,3329,0.10271561974768668,0.3738740042054083,3329,-0.8245719435265846,0.3803328193508622,3329
agent,13939340002,-1.0554602637998112,11.471766017169317,2414,0.06897768165295837,0.3414929567481704,2414,-0.8628831814415907,0.34397063337853356,2414
agent,13941340002,-1.3202451254024654,19.547873503334696,1798,0.08825911575714925,0.359266327370905,1798,-0.7903225806451613,0.40707836981045037,1798
agent,13946790002,0.23150651361722813,26.011340315141613,1586,0.07622265052825476,0.3493012202048891,1586,-0.8058007566204287,0.3955829840253159,1586
agent,13961960002,-1.7572565657925594,12.096706596314858,2157,0.103075999564521,0.3735088066438252,2157,-0.770978210477515,0.42020329537784873,2157
agent,13985150001,-2.2393441723114678,27.52445125372289,1979,0.07124529681072023,0.3434187259259552,1979,-0.7529055078322385,0.43132215814645736,1979
agent,13994600003,0.11423276544927241,5.8412472467074545,182,0.09409952794130032,0.365427942717587,182,-0.8076923076923077,0.39411349099844606,182
agent,13994630003,-1.9630844729255645,25.807069609042504,2153,0.08074811682333462,0.3535523071991434,2153,-0.7988852763585694,0.40083362081549695,2153
agent,13994730002,-0.07023694887606174,48.309043864670556,493,0.07035322526647401,0.34229695928487125,493,-0.8316430020283976,0.37418300229378704,493
agent,13995910001,0.5251355543204234,40.35115730299601,2397,0.09640708471219839,0.3673203950469409,2397,-0.8256153525239883,0.3794399059148613,2397
agent,14014510001,0.18523449178725954,10.928318063945188,2016,0.09666620122475757,0.36929898444009357,2016,-0.8015873015873016,0.39880458813971786,2016
agent,14017740001,-1.7232069665095628,40.48912667636812,3591,0.0692036489205784,0.342170115570296,3591,-0.7903091060985797,0.4070879793315489,3591
agent,14022230003,-1.6330083662250876,18.13895374634658,2312,0.09947611962583651,0.37143136349695066,2312,-0.8179065743944637,0.3859215075073911,2312
agent,14022960001,-1.5348644170632169,25.789668192029225,1997,0.08053858495379425,0.35353664723399003,1997,-0.9308963445167752,0.25363032208724684,1997
agent,14053330002,-0.40876779087749787,12.227136517409935,1262,0.11433248035314533,0.3835133315416817,1262,-0.7876386687797148,0.4089792124578382,1262
agent,14069920002,-1.0238222994226855,13.136875273605607,3154,0.08232710952235689,0.3532195253249692,3154,-0.8189600507292327,0.3850512771551411,3154
agent,14070340002,-1.6814546709781752,7.054223681252109,3518,0.09782984829070962,0.37028364515941203,3518,-0.8482092097782831,0.35881798481344784,3518
agent,14070600002,-0.5157182052953919,6.399872030167282,2680,0.09833389377749678,0.36913786690711187,2680,-0.8563432835820896,0.35074130672895437,2680
agent,14080500001,-1.1908355009184028,15.62973538840252,4521,0.07234801749520216,0.344552508274105,4521,-0.7867728378677283,0.40958679112160046,4521
agent,14080540001,-0.9827511137458169,11.846755652092513,3140,0.09663100999536788,0.36840049485837983,3140,-0.8019108280254778,0.39855972189995625,3140
agent,14080640002,-0.8205505562512251,59.121926176892316,1395,0.07654121040657003,0.34942407046319196,1395,-0.7942652329749104,0.40423752010695607,1395
agent,14080660002,-1.5381472875632758,10.368514272902193,3089,0.09795023666862995,0.3704347377999912,3089,-0.8313370022661055,0.3744539904037755,3089
agent,14080710002,-0.4906594936664288,7.196355490098376,104,0.12743724911258772,0.3932821176145808,104,-0.8269230769230769,0.3783137610174231,104
agent,14080770002,-1.8819532272826902,9.790894939441529,4471,0.09533363996976389,0.36605737960289114,4471,-0.8642361887720867,0.34253758741017715,4471
agent,14085980002,1.9320039749145508,14.658425566684134,20,0.18253473937511444,0.4330127018922193,20,-0.85,0.3570714214271426,20
agent,14094260003,-1.2026252345034951,4.6807775466332915,570,0.09289402274186151,0.3661008677523641,570,-0.8052631578947368,0.3959979853889828,570
agent,14094290001,0.6424736072383741,44.74365752819411,2315,0.10001749001105455,0.3710357788271673,2315,-0.8185745140388769,0.3853703141199299,2315
agent,14096320001,-1.7424507776768516,16.850023440047554,4981,0.09452026978335547,0.3661086498788183,4981,-0.8301545874322426,0.37549693527037703,4981
agent,14101710002,-1.742798981121869,10.941947101645818,1567,0.11958221968527272,0.3877466613567217,1567,-0.8181238034460753,0.38574246030350723,1567
agent,14110450002,-0.9589297594342913,10.938072030995595,1050,0.03902005655424935,0.30737468764605125,1050,-0.8038095238095239,0.3971143075269769,1050
agent,14110550002,-0.8176066219653446,14.536133536940516,1556,0.0917751340908992,0.3630185322608317,1556,-0.8187660668380463,0.38521188277700136,1556
agent,14130800002,-1.9696880661784937,6.372861140617372,5558,0.07071257829826999,0.3439588377239786,5558,-0.8530046779417056,0.3541012529648443,5558
agent,14133460001,-0.533472758967702,24.987066664984717,82,0.0960078066805514,0.3639769548189754,82,-0.7560975609756098,0.42943455760143917,82
agent,14133570002,-0.2673312869530841,23.48578294247115,2151,0.08676723429958302,0.36019353953686484,2151,-0.798233379823338,0.401318889611676,2151
agent,14142760001,-0.852364657969957,14.23520748922727,3115,0.09596839278792876,0.36670804995155193,3115,-0.7983948635634028,0.401198835241303,3115
agent,14160160001,-2.152049237886176,53.104776239087734,1789,0.09955654584408606,0.36921533630546005,1789,-0.9726103968697597,0.16321584717976442,1789
agent,14167130002,-1.536994381566761,18.74093813698251,4398,0.12951295786944234,0.39540677641455396,4398,-0.8838108231014097,0.32045163764633566,4398
agent,14177320001,-2.153114394536094,5.020272964332744,252,0.08043101323502404,0.3536899531853504,252,-0.7936507936507936,0.40468408838037984,252
agent,14178540001,-0.13491924946644349,18.15482556039519,1553,0.08028277975470499,0.3513378150258016,1553,-0.8003863490019317,0.3997099465028231,1553
agent,14178760003,1.3881423427634043,76.41513042774552,2920,0.08970233218820944,0.35948301970467095,2920,-0.8256849315068493,0.3793801858154678,2920
agent,14178840001,-1.134730270485473,21.27407977408568,4131,0.11473263576861242,0.3831052378305866,4131,-0.8479786976519003,0.3590415379597289,4131
agent,14178850002,-0.38503210782011726,17.395507246952462,2641,0.11843436068316744,0.3856596029894879,2641,-0.8250662627792503,0.3799104168126104,2641
agent,14178930002,-1.8851713198367681,8.004204378681292,428,0.0850344146384257,0.3587451516301681,428,-0.794392523364486,0.40414482823251685,428
agent,14179000002,1.883825406309793,107.79000389225948,2801,0.0829007780868979,0.3534435924041295,2801,-0.8225633702249197,0.38203778895436696,2801
agent,14187430003,-2.6867769675480826,6.17723081749716,3418,0.11103894044042958,0.3812384504554555,3418,-0.791691047396138,0.4060989200539001,3418
agent,14189720002,-1.25775251323674,13.995049413735703,1470,0.09188054356039786,0.36338549309417434,1470,-0.810204081632653,0.39213955135696577,1470
agent,14189910002,-0.4047650593083079,5.905464449120866,41,0.24960791010682176,0.46533619581314417,41,-0.8536585365853658,0.3534482133216936,41
agent,14190800003,-0.7188694491023906,24.165084601755087,2736,0.08177369266574146,0.35440300793271073,2736,-0.8300438596491229,0.37559426341187646,2736
agent,14190820002,-0.7405021058816292,5.6316839780496855,2532,0.11107813305034644,0.3802514521614944,2532,-0.7890995260663507,0.4079478692531822,2532
agent,14190850003,-0.8314371537544849,13.220514041826144,3939,0.0895563674952119,0.36276077410488883,3939,-0.805026656511805,0.3961801847862022,3939
agent,14190930001,-0.6742693273032584,4.503309928103041,82,0.12765669059462664,0.39629455632370536,82,-0.8780487804878049,0.3272294601219204,82
agent,14190950001,-1.2509647476492896,14.192932107460175,926,0.10426687500711136,0.37463238967816653,926,-0.8488120950323974,0.3582319393341551,926
agent,14190960002,-0.8260015589359514,30.392523380992355,2776,0.08295120492105182,0.35417041699231133,2776,-0.7564841498559077,0.4292037754641637,2776
agent,14191130002,-0.3418948883842208,30.88351768363528,3574,0.10367618033805237,0.3731915929792549,3574,-0.8066592053721321,0.3949178797681012,3574
agent,14191140002,-0.7295911327686185,9.021438807600644,306,0.1014061528775427,0.3720841302384158,306,-0.9084967320261438,0.2883234640537618,306
agent,14191310001,-1.3850835354681132,11.435055422749167,3742,0.08727763493643413,0.36036334630920985,3742,-0.8567610903260289,0.35031632052957956,3742
agent,14191390002,-2.6543518636133765,49.51519423293488,1540,0.06987772194983123,0.3413344669182958,1540,-0.7058441558441558,0.45566235691003365,1540
agent,14191430002,4.445336947348033,80.36916524092071,871,0.08448572107831318,0.3571018944388672,871,-0.8312284730195177,0.3745499948753953,871
agent,14191540001,-0.7721274396814964,12.095170215837149,867,0.0809484101153025,0.3545615641345651,867,-0.81199538638985,0.3907158543896679,867
agent,14191570002,-1.4145052055306335,8.042292481004214,3194,0.09610790991659976,0.368253999607371,3194,-0.7983719474013776,0.4012158783048218,3194
agent,14191770002,6.183395436088446,142.738742697229,2955,0.07727498478695825,0.3456659394158538,2955,-0.8707275803722504,0.33550120886717616,2955
agent,14194740002,-0.4859902989935382,7.472611494490691,2853,0.11033169643171954,0.3782536517759588,2853,-0.8166841920785138,0.3869252156264554,2853
agent,14194800002,-1.7886199319289506,18.41625078954525,1630,0.0723439584480473,0.3453405010094195,1630,-0.8245398773006135,0.3803601819876821,1630
agent,14194930001,-1.6337067843245683,6.977192973399536,3441,0.09874019845215881,0.37094133999814727,3441,-0.8198198198198198,0.384337459598226,3441
agent,14194980002,-2.0996719542342337,7.925182451118069,2683,0.10062733301465919,0.37178997267150254,2683,-0.7841967946328736,0.4113783926270317,2683
agent,14195030002,0.6853896626587926,43.67329785055862,2412,0.08064350063231454,0.3535691171827089,2412,-0.7346600331674958,0.44151406414046396,2412
agent,14195150002,-0.8191523140104454,11.436509553904388,3844,0.11319164245638465,0.3819612735744494,3844,-0.8917793964620188,0.3106588233220752,3844
agent,14195210002,-2.025960939499918,4.532621404260648,3647,0.09298204314162838,0.3647021688754296,3647,-0.8456265423635865,0.36130637029229357,3647
agent,14195230002,-0.7459078340719459,10.443231555535148,2169,0.10121039554318727,0.3718693950682246,2169,-0.7916090364223144,0.4061578140044204,2169
agent,14195260002,-1.2595354499084863,7.837346607443264,469,0.10512432049332397,0.37557990415037384,469,-0.8805970149253731,0.32426210421493185,469
agent,14198110001,-1.4355499738632254,8.015245987463064,4535,0.07279314572256482,0.3455832050840794,4535,-0.8568908489525909,0.3501841257594338,4535
agent,14200920001,-1.1608508641968207,30.592349740879232,2822,0.07441045257806102,0.34743767642225226,2822,-0.7880935506732814,0.4086589116371519,2822
agent,14201160001,0.8796839132381258,35.23043951021476,2902,0.08072231481458958,0.35147282034960586,2902,-0.8387319090282563,0.36777804965233185,2902
agent,14201330002,-0.2360826980840283,26.013131998654632,2936,0.08465040518270364,0.35641048693234634,2936,-0.8334468664850136,0.3725764179753269,2936
agent,14201340001,-1.616649212824571,14.743150930899862,377,0.09985421961593376,0.36992805286540614,377,-0.8594164456233422,0.3475914535996003,377
agent,14201590002,-0.8074184652738599,20.075255905655624,4902,0.09510059864763726,0.3656304282197381,4902,-0.8345573235414117,0.3715795974818951,4902
agent,14202170001,-1.0986905704845082,5.939237410143326,220,0.10587533258578995,0.377840002006171,220,-0.8863636363636364,0.3173690919038395,220
agent,14202310001,-1.8053248763543162,32.25651557322386,3638,0.1090469210234037,0.3790186544742071,3638,-0.8320505772402419,0.3738213666370906,3638
agent,14205150003,-0.6245889699738403,24.80053162990951,3969,0.0873019615501263,0.35644070885285223,3969,-0.7548500881834215,0.43017604832545286,3969
agent,14205160003,-0.5691402594485333,30.161290984395464,2684,0.1082972301789261,0.37775070028337815,2684,-0.834575260804769,0.37156344661096685,2684
agent,14205660001,-1.5543855956343353,14.877474005884233,2928,0.09224892095688099,0.3648687585707042,2928,-0.9040300546448088,0.29455002112325984,2928
agent,14205680003,-1.487493491855168,6.241615123195278,2306,0.11752504172370626,0.3860672102338614,2306,-0.8959236773633998,0.3053595285938241,2306
agent,14205690003,-0.08844563785535914,10.48092218153425,2459,0.0907486129783915,0.3629851212907549,2459,-0.8275721838145588,0.37775185557580115,2459
agent,14206150001,-1.8310764806770354,15.408566734765271,2247,0.07912896289711907,0.35075132019655864,2247,-0.8842901646639965,0.31987664707277164,2247
agent,14208140001,-2.188633566426549,5.275383452367393,2658,0.09262675573899389,0.3619906706457267,2658,-0.9273890142964635,0.2594968794777644,2658
agent,14209030002,-0.8960106928347719,10.02326309797284,2897,0.08520778687526162,0.35871859974575054,2897,-0.8467380048325854,0.360239858989421,2897
agent,14209410002,-2.3521385410853797,26.701337738257305,350,0.12380477807351521,0.3903220794403139,350,-0.8342857142857143,0.37182396537137,350
agent,14209430002,-2.3478856710593976,6.199862227632206,3707,0.14504363684278632,0.40657370386055236,3707,-0.7957917453466415,0.4031218716279081,3707
agent,14209460002,-1.8225343395745837,11.70943356032133,1317,0.07166786933135334,0.342998554575591,1317,-0.7942293090356871,0.4042636685436649,1317
agent,14209940003,-0.7165762324200049,29.43414610579417,4047,0.0987347875122733,0.37035702473732046,4047,-0.8317272053372868,0.3741083549442775,4047
agent,14209970002,-0.4773833703674726,33.22458860739669,3576,0.08159523823567284,0.35306446808704256,3576,-0.8277404921700223,0.3776058391923403,3576
agent,14210040003,-0.8813556395407488,13.196232872042238,3514,0.08444197095536209,0.35693570417779,3514,-0.8534433693796244,0.35366337758040256,3514
agent,14210130003,-0.20684111541902958,18.7153875329048,2758,0.09232119291458897,0.3631010670635494,2758,-0.803118201595359,0.3976422460725159,2758
agent,14210430002,-1.7595889520012025,91.93044817374376,1431,0.08604073606738671,0.35569092800422425,1431,-0.7749825296995109,0.4175938318031741,1431
agent,14210560003,-3.594148801407724,21.03214192392214,265,0.06083662616756727,0.3344256459034646,265,-0.8641509433962264,0.3426282101982238,265
agent,14213470001,-0.7514512685895758,6.353464255469402,3163,0.08415663818976866,0.3549825121226286,3163,-0.8612077141953841,0.3457296446730388,3163
agent,14213500001,-1.289033004343398,6.3327915868440385,2669,0.07399733945777595,0.3473039008425231,2669,-0.8227800674409891,0.38185472114770364,2669
agent,14213740003,-0.2089514878466933,60.46742311917594,2154,0.08779414007812046,0.3608025880072664,2154,-0.8602599814298979,0.34671709761724995,2154
agent,14213760003,-1.6796480700168943,8.34327384216944,4222,0.10404194014394864,0.3761071753000394,4222,-0.8368072003789673,0.36954148586171237,4222
agent,14213800003,-0.6088832860211142,33.664319916339366,3825,0.09104721125434427,0.362326722654188,3825,-0.8094117647058824,0.39276501863275926,3825
agent,14214150002,-0.8828977869646581,17.052220418069197,1989,0.08677207179228945,0.3588941355389323,1989,-0.8154851684263449,0.387903478333207,1989
agent,14218940002,3.440027352882849,70.5985017778404,1497,0.08380575254111586,0.35470412142523644,1497,-0.8443553774215097,0.36251810167340565,1497
agent,14222650001,-1.9083727095898517,18.35116452866848,3681,0.09005984857463863,0.3611040349176412,3681,-0.789187720728063,0.40788535421133704,3681
agent,14222810002,-1.7963346020117898,5.481010462550325,3569,0.10246375711250118,0.3734746377693099,3569,-0.7926590081255254,0.4054019054752748,3569
agent,14225720002,-0.7138696764796565,16.91197878417355,3804,0.10643279225762334,0.3779678824569705,3804,-0.8196635120925342,0.3844674746147797,3804
agent,14237960002,-3.1052247535644857,46.69988614388232,1508,0.07420789830841183,0.3457050538946571,1508,-0.9860742705570292,0.1171827781820006,1508
agent,14244170001,-0.9506362939809824,9.65272500930065,616,0.11329659824441006,0.3823508007298506,616,-0.8344155844155844,0.37170716552144,616
agent,14245480002,-1.782021770071476,12.544411167120264,1175,0.061342658578081334,0.3335011861376619,1175,-0.9063829787234042,0.2912951674914866,1175
agent,14248990001,-0.7454016368173175,10.394294877145454,2197,0.09522420187592236,0.3677842852898494,2197,-0.8711879836140192,0.3349917623174616,2197
agent,14249190001,-2.3858673175175986,10.43314451068038,96,0.0797735988162458,0.35262402066963544,96,-0.84375,0.3630921887069453,96
agent,14252990001,-0.6826843478739291,9.193362265460733,4078,0.11262821113803095,0.38221139782998187,4078,-0.8278567925453654,0.37750486563998775,4078
agent,14261310001,-1.3581814236111112,1.8291566925220215,9,0.26586807270844776,0.4714045207910317,9,-0.6666666666666666,0.4714045207910317,9
agent,14261600002,-1.7513012624048925,4.631826897154241,364,0.09246433980681085,0.36258252001860497,364,-0.717032967032967,0.45044055237163877,364
agent,14262050001,-1.4257590423498063,15.331011783033224,3907,0.08115084474276545,0.35457399136170703,3907,-0.8320962375223957,0.3737808034443028,3907
agent,14286600002,-2.114349722684937,20.033351416376437,2017,0.07766243779960692,0.349342512923126,2017,-0.8314328210213188,0.374369182959616,2017
agent,14287010001,-1.7802548084444212,25.689958502569414,3090,0.09018888721863429,0.36165902564897545,3090,-0.897411003236246,0.30342131518197674,3090
agent,14295820001,-2.3395734727564714,7.221981173809992,1637,0.11105540654210688,0.38070953255631934,1637,-0.822846670739157,0.38179841172095313,1637
agent,14307650003,0.39536049745058055,32.36066199216323,2692,0.09579648599471416,0.36589026869290314,2692,-0.8079494799405647,0.39391257634700594,2692
agent,14307700001,-0.9472050421016732,14.000458753814925,2522,0.08209177573388006,0.35461947802554544,2522,-0.8481363996827914,0.35888862787207915,2522
agent,14308050003,-0.31722087957285905,28.309544164317842,2159,0.08182504794535785,0.35393878428480274,2159,-0.826308476146364,0.3788440027175273,2159
agent,14323200001,-1.0919043829826893,13.373403151205974,2892,0.08501651192168971,0.3532010771282114,2892,-0.7558782849239281,0.42956524918152905,2892
agent,14323600001,-1.9806932836416131,19.78704469392838,3947,0.09363974465096422,0.3655707377274577,3947,-0.8256903977704586,0.3793754931464609,3947
agent,14323630002,-2.148961124695767,12.33454458918622,2007,0.09587980197268335,0.3680246228142202,2007,-0.8261086198305929,0.3790160525257286,2007
agent,14323640001,-1.9746718932053384,13.326623099373,4293,0.08867677902178472,0.36178949823061235,4293,-0.8222688096901933,0.38228629886626325,4293
agent,14333850001,-2.488510628633721,22.86017851066257,2365,0.09263754008184276,0.3648798603018902,2365,-0.8871035940803382,0.31646612370060206,2365
agent,14334630001,-1.4767480614048187,9.658422884144786,3077,0.1000448950833611,0.37251534674994613,3077,-0.8313292167695807,0.3744608792849478,3077
agent,14335830001,-0.8448613796915326,9.714150283536297,2240,0.08696017896623484,0.3592590442025888,2240,-0.8357142857142857,0.3705346385526553,2240
agent,14338030002,-1.6067667106893069,18.53301350676213,4699,0.07562842319165933,0.34874671620498143,4699,-0.8269844647797404,0.37826070347408114,4699
agent,14338050002,1.6572985859572011,43.56188050725498,2243,0.10221268730906573,0.37298525973168395,2243,-0.8395006687472135,0.36706851665621615,2243
agent,14338120002,-1.2621858575228286,9.938177327889933,3006,0.09361484692402863,0.3651672313337019,3006,-0.8416500332667998,0.36506883565814635,3006
agent,14338800001,-0.9182463648193167,30.653243287820718,2534,0.06936290343281032,0.34131217964792215,2534,-0.8397790055248618,0.3668108877944273,2534
agent,14351880001,-0.8632111988402605,20.801483871734366,3758,0.09522054636253202,0.3680253115906216,3758,-0.8544438531133581,0.35266067967687614,3758
agent,14351900001,-1.476440455995757,9.297898343478275,290,0.11417147224319392,0.3829260278655177,290,-0.8137931034482758,0.3892735390805542,290
agent,14351930001,-1.897019990895949,7.839550109877441,989,0.15650662326294443,0.4132068414148959,989,-0.8230535894843276,0.38162334614288407,989
agent,14352200001,-0.7581164646789961,29.509073438498756,4164,0.08112143400938435,0.35283197390885657,4164,-0.8162824207492796,0.3872537027905294,4164
agent,14352210001,-3.1335884142833152,5.2890058532289,157,0.1372158254028126,0.40254598792611324,157,-0.8535031847133758,0.35360358934476466,157
agent,14352630001,-1.5291774512809535,5.104672879999406,2753,0.10497301315724351,0.37579163486363776,2753,-0.8125681075190702,0.3902578354907778,2753
agent,14352830002,-2.1654179938089197,6.348020974646776,4316,0.09746928484048746,0.3698074329781581,4316,-0.8607506950880445,0.34620649328614955,4316
agent,14352910002,-1.2998286787940565,5.8245101667077055,702,0.109286084176808,0.37971056853948143,702,-0.8262108262108262,0.37892808930303673,702
agent,14352930002,-0.3896089441636029,40.48784081392148,119,0.0295071933700257,0.28921495891773025,119,-0.8403361344537815,0.36629402886896417,119
agent,14353010001,-0.5115970383342515,7.170381376098968,351,0.0732891311672678,0.34633069412693085,351,-0.8290598290598291,0.37645667599222626,351
agent,14354790001,-1.1627805021620288,19.584709073995988,485,0.08377041991838474,0.35490387938371953,485,-0.8041237113402062,0.39687374340041565,485
agent,14355080001,-0.6339528315662019,11.097174944367813,3163,0.04901553264551437,0.31976360586862684,3163,-0.8627884919380335,0.34407050166692205,3163
agent,14355100001,-0.7026454496242451,28.734996838098123,4052,0.06299574163108917,0.33246272648284825,4052,-0.8751233958538993,0.33057894349616207,4052
agent,14355230001,-1.3663357520857735,10.704249090685085,2908,0.10139317951450813,0.37102015190075643,2908,-0.7950481430536451,0.4036664381399521,2908
agent,14355240001,0.37088246537435904,27.86005599351479,323,0.12657391130001552,0.39316802326668665,323,-0.8204334365325078,0.38382601885746015,323
agent,14355250001,-1.2127399055642756,11.759214212500037,2452,0.10155135810034893,0.37362164655661584,2452,-0.8221859706362153,0.3823561171541522,2452
agent,14355540001,-1.03829697010129,5.915701338557945,860,0.0885334464699723,0.35984926879272405,860,-0.7976744186046512,0.40173366862684406,860
agent,14355590001,-1.6263367923505152,10.417910374360323,5110,0.07619958462780468,0.34951001310374974,5110,-0.8367906066536204,0.3695566090193576,5110
agent,14355600001,-0.6600568143134218,12.236821679737185,2693,0.10093733616867696,0.3727146751463255,2693,-0.7983661344225771,0.4012202011735309,2693
agent,14355730001,-1.8809355955857496,6.795657169820957,832,0.15147571065104926,0.41080545879112496,832,-0.8461538461538461,0.36080121229410994,832
agent,14355790001,-0.9583991074165399,27.742991161214054,4027,0.09388227484008352,0.3658759865469868,4027,-0.8070523963248075,0.39461224754332364,4027
agent,14356010001,-2.238934309878167,13.524509804049723,4261,0.1109060944385636,0.3804203483389285,4261,-0.8199953062661347,0.3841913637338074,4261
agent,14356800002,-2.471822546632498,4.803368204082451,298,0.044178568276782966,0.3136815264600266,298,-0.9093959731543624,0.2870451831419447,298
agent,14356910001,-1.3205249610988574,6.713739531660895,3480,0.09800197195218897,0.3689748271995533,3480,-0.8172413793103448,0.38646850745341454,3480
agent,14356970001,-1.0353532962421668,11.362421715069456,1314,0.07248072650516052,0.3451339888966069,1314,-0.7671232876712328,0.4226643457682606,1314
agent,14357050001,-1.815079359289718,10.258042727860019,3650,0.08435701796045042,0.35647913547221943,3650,-0.8145205479452055,0.3886860235720443,3650
agent,14357070001,1.8986573812952003,57.63463787798201,498,0.09225305669518359,0.36506277835037004,498,-0.821285140562249,0.3831133754567908,498
agent,14357080001,-0.49584282435221483,23.264511046562315,2539,0.08150611871830729,0.3545074987281993,2539,-0.8574241827491138,0.34963974829262195,2539
agent,14357800001,-1.1080130617951578,11.168741782312608,1797,0.08365531790634627,0.3564393397243984,1797,-0.8386199220923762,0.3678811606513074,1797
agent,14358190001,5.12680498651009,73.27717538498464,589,0.10969824542517573,0.3792029297480996,589,-0.8217317487266553,0.3827383987285418,589
agent,14358200001,-1.7052385895340532,4.566577412615157,108,0.1585050312181314,0.4143252084514864,108,-0.7777777777777778,0.41573970964154905,108
agent,14364240001,-1.1011069750693774,5.210157257214608,518,0.11363432052973155,0.383341237475155,518,-0.8571428571428571,0.3499271061118826,518
agent,14364790002,1.053225179997886,61.18383282823006,656,0.10837209465481885,0.37833747694748315,656,-0.7957317073170732,0.4031659178146498,656
agent,14365470001,-1.3086558328883329,36.865135652732135,801,0.07586755215675196,0.34916210919790674,801,-0.8227215980024969,0.38190413742549945,801
agent,14365590001,-1.6520374363118953,6.84096102080875,352,0.060758973768150266,0.3338430425848966,352,-0.8579545454545454,0.3490967536205826,352
agent,14365610001,-0.08411103354077692,25.166188905217002,4394,0.07125393617991485,0.3440741753247749,4394,-0.8575329995448339,0.34952847414262805,4394
agent,14365990002,5.06566925689281,174.73738001820203,953,0.08749240205270421,0.36101714796900436,953,-0.8268625393494229,0.3783660666207356,953
agent,14366670001,0.13091773195162734,45.06026961453435,2843,0.11886571160597235,0.3847594132403859,2843,-0.8311642631023567,0.3746067682835871,2843
agent,14366700001,-1.2781767994130417,6.669950576738184,4257,0.13300952862791537,0.3984677937927824,4257,-0.8191214470284238,0.38491752629165243,4257
agent,14366790001,-1.0412467943233952,12.996199822036285,4586,0.08111677606371985,0.35424189886820173,4586,-0.8255560401221108,0.3794907966473107,4586
agent,14366800001,-1.6461138960714181,11.646311613989027,4233,0.11800505130067943,0.38654441580023574,4233,-0.8547129695251595,0.3523899959570975,4233
agent,14366810001,-0.6130709905262879,13.908390927452528,3746,0.12231834082045277,0.3888982511522069,3746,-0.808328884143086,0.39361567448855417,3746
agent,14366830001,-0.6613773285476503,23.714920476092054,3028,0.08357230007471307,0.35554668563349595,3028,-0.7902906208718626,0.4071011611796613,3028
agent,14366840001,-0.7984092550283851,17.92515627676607,3106,0.12486110492360569,0.3911610397235618,3106,-0.8068254990341275,0.3947886942941232,3106
agent,14369390002,-1.1033362867672745,31.216786527536687,1286,0.09177117341691932,0.36240690084151506,1286,-0.7986003110419907,0.40104595029201623,1286
agent,14369990001,-1.8067072406085818,4.923970214589193,229,0.1133416892399434,0.38286637082037445,229,-0.8733624454148472,0.33256651117309644,229
agent,14378390001,1.0381657885050721,47.25134901404653,459,0.0865100172220492,0.3591592759575239,459,-0.7952069716775599,0.403550299061919,459
agent,14380790002,0.6732104386274631,45.0661128306068,3328,0.08626418493132895,0.3582989068895453,3328,-0.8236177884615384,0.38114502094512925,3328
agent,14380800001,-0.568391334965544,13.155927038741932,2650,0.09370297725470561,0.36407447512235913,2650,-0.8271698113207547,0.3781004027508325,2650
agent,14381420001,-1.4555742216634227,6.835750987933589,2912,0.07462885138670822,0.3475356480178418,2912,-0.875,0.33071891388307384,2912
agent,14381610001,-1.183357137122676,7.37523323425258,4541,0.09509260645983267,0.3665854593165262,4541,-0.8035674961462232,0.3972993522314286,4541
agent,14381630001,-0.8084069035242084,7.511318860413738,3106,0.08635896802217209,0.35931892275988797,3106,-0.8329040566645203,0.3730615084088761,3106
agent,14381650001,-0.7471623415567755,11.920259818595593,2779,0.10220303486452209,0.37388354655205197,2779,-0.8377114069809284,0.36871534494100155,2779
agent,14381830001,-1.55972252561605,6.059688982911393,4957,0.07659763789763728,0.34862978612328605,4957,-0.8448658462779908,0.3620325234988774,4957
agent,14382190001,-1.0134071283207657,25.523132441272384,3878,0.09358582456220112,0.36527809159172686,3878,-0.8372872614749871,0.3691033774523117,3878
agent,14383990001,-1.536285486082065,6.30720129191238,2671,0.10444894592577221,0.37550631682485486,2671,-0.8124298015724448,0.39036856826517524,2671
agent,14385500001,-2.6152674748347358,6.066009249926147,65,0.07514798572430244,0.34450427061906846,65,-0.8615384615384616,0.3453837587791331,65
agent,14392790001,-1.1711240377364536,6.491393978494844,2941,0.10544089654277515,0.37208255182920963,2941,-0.8116286977218633,0.39100838195130233,2941
agent,14412130002,-1.1326422688603195,21.289722399431476,3478,0.08683809799117011,0.3592830095092137,3478,-0.8407130534790109,0.36594345900563463,3478
agent,14412140002,-1.578240362819952,9.887126554550303,1891,0.14267395812641812,0.40550902853263954,1891,-0.8064516129032258,0.39507899077148045,1891
agent,14412260001,-0.2914035450984039,33.16761791195642,2116,0.09724747602931719,0.3678597293816582,2116,-0.7991493383742911,0.40063658513698397,2116
agent,14413350001,-1.3282633281642404,9.815964230299901,3677,0.10496236687854868,0.37556042187356575,3677,-0.8300244764753876,0.375611294994102,3677
agent,14413360001,-0.3462014517285198,35.83998522971895,2332,0.10254018822138551,0.373432507616337,2332,-0.8014579759862779,0.398902354861759,2332
agent,14414610001,-1.552415871451087,7.553275161160865,1128,0.09335459001256642,0.36694194282463527,1128,-0.8617021276595744,0.34521235616144585,1128
agent,14417820001,-0.9771533872076996,35.31484272593405,2557,0.08119620172992366,0.3533080431529698,2557,-0.8201016816581932,0.38410273807875517,2557
agent,14419850001,-0.3036944428962967,9.387618056598445,2383,0.06897777150745808,0.33677580839068655,2383,-0.8233319345362988,0.38138754582316214,2383
agent,14419970001,-1.9868377967302933,13.076006009882649,3818,0.08948360288670826,0.3611800380165431,3818,-0.8397066526977475,0.3668778953724141,3818
agent,14420040001,-0.397003173828125,2.138824462890625,2,-7.450580596923828e-09,0.06746525317430496,2,-0.5,0.5,2
agent,14420080001,-1.2644378407533097,9.184533985116236,3866,0.0703521247276727,0.34281988781567774,3866,-0.8468701500258665,0.36011261991359433,3866
agent,14420100001,-2.1527170477148188,4.762337923775942,3494,0.08622461594491941,0.3589334718576457,3494,-0.7824842587292501,0.41255623079791937,3494
agent,14420260001,-0.37373239642045997,36.765144945264844,3285,0.03627235099695952,0.30328404101962314,3285,-0.8928462709284627,0.30930859577063297,3285
agent,14420340001,-0.6349722860912325,7.221133176890149,2149,0.08571428599996642,0.35781530003313206,2149,-0.818054909260121,0.3857992673600304,2149
agent,14420520001,-0.9692761948624629,27.476381595703643,2828,0.07412638642220551,0.3453597478655974,2828,-0.8366336633663366,0.3696995762623484,2828
agent,14420630001,-1.0144415388764225,8.837996519284692,3368,0.10153913465184723,0.3726227242610902,3368,-0.8559976247030879,0.3510921406208908,3368
agent,14420720001,-1.5235416298306965,32.81033381223119,3579,0.08733115913765362,0.35935856498044577,3579,-0.8167085778150321,0.38690525550627985,3579
agent,14420920001,-1.9225288673030863,29.639286599911884,4330,0.10577256569754995,0.37577213704028983,4330,-0.8226327944572748,0.3819791616576615,4330
agent,14420930001,-1.5139988691147173,11.802108211961935,1847,0.0981616937249302,0.36927220674206584,1847,-0.8576069301570114,0.3494528344479099,1847
agent,14421070001,-2.607356438269982,5.562301535813328,156,0.06333468501002361,0.3338362210077204,156,-0.8782051282051282,0.32704874407241274,156
agent,14421150001,-1.6707722825270432,6.40148288827724,975,0.05439072197828537,0.3260196296834826,975,-0.8123076923076923,0.3904662665652999,975
agent,14421360001,-1.1510769193718233,11.405581206868407,2075,0.09419869441583932,0.36561233974796437,2075,-0.8134939759036145,0.38951447607520817,2075
agent,14421440001,-2.659284977893117,29.27415484682497,2410,0.06601963984273776,0.33867095493532406,2410,-0.8377593360995851,0.36867144027923765,2410
agent,14421790001,-1.5588186998583353,29.322653987943532,3708,0.08150917849430117,0.3542906916300187,3708,-0.8306364617044228,0.37507269987507724,3708
agent,14421870001,-2.5863151613977395,31.75596014738567,1198,0.07696208294375313,0.3494375435940911,1198,-0.8155258764607679,0.3878703665964497,1198
agent,14421880001,0.4004679037854562,97.35642819277524,2142,0.1042590814074771,0.37562046915551567,2142,-0.8305322128851541,0.37516457221497224,2142
agent,14421910001,-2.4256894324251697,12.620552310178335,3068,0.06786161215764602,0.3403440803178664,3068,-0.7780312907431551,0.4155702123200063,3068
agent,14421950001,-1.6196272575658839,10.9028740107837,3945,0.08130862649402691,0.35465781894038334,3945,-0.8428390367553865,0.36395246238573353,3945
agent,14421960001,-0.5798127123871325,10.916579330356406,2568,0.08283398826127854,0.355962653152297,2568,-0.822429906542056,0.38215043551889477,2568
agent,14422000001,-21.10284423828125,87.24370764101187,16,0.12003473937511444,0.3903123748998999,16,-0.75,0.4330127018922193,16
agent,14422490001,-2.4182000463149125,11.163162957250874,425,0.058379999539431404,0.3270888748337475,425,-0.8611764705882353,0.34576228408174536,425
agent,14422520001,-1.471278313814738,5.160480143785937,2926,0.08530862397187716,0.35687481829594886,2926,-0.8154477101845523,0.38793394043228896,2926
agent,14422560001,-1.5032286127398216,10.996994593390177,3923,0.10484798369573568,0.37472604249815356,3923,-0.8279378027020138,0.3774344943946898,3923
agent,14422830001,-2.5256437104323815,3.6519387812891995,29,0.13943129109925237,0.40508069394726653,29,-0.8275862068965517,0.37773969483114905,29
agent,14422840001,-1.2959680872833277,8.356784507262159,1239,0.10592742753760097,0.37596447503014824,1239,-0.837772397094431,0.36865947398796367,1239
agent,14423470001,-0.7103306457423715,12.237251035384945,637,0.10084615940201788,0.3719321449923679,637,-0.7660910518053375,0.4233149562077026,637
agent,14423490001,-0.3270527572228164,15.233660748947862,1890,0.08761590426718747,0.36001464299614777,1890,-0.78994708994709,0.4073459034177392,1890
agent,14423500001,-0.06080764516845079,10.865567448815066,2346,0.09677931576179624,0.36834243399278593,2346,-0.8231031543052003,0.3815813827717881,2346
agent,14423520001,-1.2798602341181868,15.972207776953542,2177,0.09060885937568733,0.36200724524866507,2177,-0.8075333027101516,0.3942375777677545,2177
agent,14423540001,-1.6765141728412674,6.755246239487371,830,0.09593132500907024,0.36743783379641104,830,-0.863855421686747,0.342942024413981,830
agent,14423560001,-0.8455409244518375,7.440118534884093,402,0.10585477054860462,0.3766011200582633,402,-0.818407960199005,0.38550793880529727,402
agent,14423960001,-1.2050125553155504,14.527810915101469,1876,0.06482836714526738,0.3359512038130571,1876,-0.8256929637526652,0.37937329025908645,1876
agent,14424130002,16.869640969822548,204.76834180794856,117,0.12402868398234375,0.38965508327133985,117,-0.7863247863247863,0.40990013019766836,117
agent,14424390001,-0.9208138332123748,7.401973489753278,549,0.10473824033211707,0.3764292831307883,549,-0.8524590163934426,0.3546443877505564,549
agent,14424400001,-0.09619187876537127,50.520165347938246,662,0.06819876209126498,0.3408832231225598,662,-0.8413897280966768,0.3653122685457978,662
agent,14424460001,-0.950712032807179,12.257802387520014,780,0.07750838559407454,0.3503699704230098,780,-0.8782051282051282,0.32704874407241274,780
agent,14424480001,-1.3880662297628013,16.748532826282243,415,0.0694253009126847,0.34126815844343983,415,-0.7783132530120482,0.4153814309738118,415
agent,14424490001,-1.9745248983137174,23.299162746094552,2923,0.08590245015442555,0.3593983784802989,2923,-0.7916524119055764,0.40612666820791266,2923
agent,14424500001,-1.75785400390625,6.870208689229087,525,0.08887653756709325,0.3607220326877475,525,-0.84,0.3666060555964673,525
agent,14424520001,3.215928164395419,64.71190304258414,484,0.09329834069348564,0.36533774892730936,484,-0.8471074380165289,0.3598839069388926,484
agent,14424710001,-1.5586284207889178,30.482845325658634,1634,0.09961943113161856,0.36803912054400734,1634,-0.7833537331701347,0.4119595391522669,1634
agent,14424730001,-1.4270520109723193,17.884687065479852,2893,0.07933688597966757,0.35276668441673964,2893,-0.8479087452471483,0.35910932176783555,2893
agent,14426210002,-0.9965261121497829,58.897955606620364,1067,0.060270276964548716,0.3309976710126246,1067,-0.8153701968134958,0.38799695741309226,1067
agent,14426220002,0.7654626682826451,46.23502341282604,1050,0.08589088946580886,0.3580091504736141,1050,-0.8342857142857143,0.37182396537137,1050
agent,14426290002,-2.4566444815841377,25.034642526204156,1275,0.11996099124936496,0.3876642700030061,1275,-0.8376470588235294,0.3687742719711071,1275
agent,14426300001,-0.08520475478726965,13.256581627927325,3327,0.1032401623625923,0.3741943188203456,3327,-0.830477908025248,0.3752124095858981,3327
agent,14426310002,-0.45026749189300175,24.061992318802293,3384,0.07091012050620067,0.34334007714192866,3384,-0.817966903073286,0.38587180325852205,3384
agent,14426320002,0.0897494904080728,38.85378655154275,1064,0.11473163620645839,0.38085675835689753,1064,-0.7969924812030075,0.40223807143143636,1064
agent,14426330002,-0.7782889615614246,11.09447902745901,2806,0.09615817460007779,0.3677908086420016,2806,-0.8071988595866001,0.3944982391198881,2806
agent,14426350002,-2.911375243088295,37.963912848217795,551,0.14624453353578945,0.4065513350339064,551,-0.8130671506352087,0.3898576139992029,551
agent,14428910001,-0.7758445682725208,23.564241888302195,2007,0.07624612408576466,0.3493015434010086,2007,-0.8146487294469357,0.3885822654952604,2007
agent,14430060001,-0.3387953007362053,14.644648031257601,2878,0.09593109743018545,0.3655347097665915,2878,-0.7967338429464906,0.4024289085667275,2878
agent,14430070002,-0.9209781971554954,7.690075214118197,2842,0.11500751812805347,0.3844217007286742,2842,-0.8381421534130894,0.3683203552414104,2842
agent,14430440001,-1.1170114642251419,8.193363811241236,1922,0.10407407867114576,0.3753651313493549,1922,-0.8106139438085328,0.39181497918240654,1922
agent,14430450001,-1.2257490189555456,11.114935824703075,1212,0.06913843543173456,0.34075400283178925,1212,-0.806930693069307,0.39470691614411174,1212
agent,14430470001,-0.15954426463604793,35.2259866160018,4079,0.0830581170338046,0.35461036882610164,4079,-0.804118656533464,0.3968776168396007,4079
agent,14430480001,-0.3076038461017709,7.841692139453437,2849,0.1109544572421399,0.3811496738683337,2849,-0.8522288522288523,0.35487298524619393,2849
agent,14430510001,-1.062584861604701,17.874948869777146,2228,0.0842584125911633,0.35382692083104234,2228,-0.7562836624775583,0.42932351944319214,2228
agent,14430520001,-1.1668460610648181,21.555064397979166,2675,0.08002951959583247,0.3488294608897995,2675,-0.7517757009345795,0.4319826343950659,2675
agent,14430550001,-1.4282519231533735,14.180389446579513,2739,0.10428398283958087,0.374042216995343,2739,-0.828039430449069,0.377346170075503,2739
agent,14430840002,-2.0466296806324267,19.63442576045897,3411,0.07052683520093407,0.3420522473377767,3411,-0.8736440926414542,0.33225004444566203,3411
agent,14435890002,-0.25765843652750975,15.93390587175776,1259,0.09093724065730267,0.3628254882405598,1259,-0.8204924543288324,0.3837767407208014,1259
agent,14436030001,-0.5150880080003005,16.25014008587198,1027,0.10535288501273343,0.3764330258702235,1027,-0.9834469328140214,0.12758943197896563,1027
agent,14436460001,-1.2821393283277513,38.087657141871205,3899,0.09119798152469372,0.3612001983440916,3899,-0.797640420620672,0.40175885803893535,3899
agent,14437190001,0.24231535812904095,9.75467573405788,58,0.09003354120871117,0.3614974992034551,58,-0.8448275862068966,0.36206896551724127,58
agent,14438000001,0.8749202149254935,31.640581710882895,448,0.08974176864804966,0.35749568530150655,448,-0.8214285714285714,0.3829930462415575,448
agent,14438010001,-1.8662711846471107,14.839564856758576,5204,0.09762309217606481,0.36898774985448296,5204,-0.7980399692544197,0.40146254710349333,5204
agent,14438020001,-1.2738640819277083,9.433317946927534,448,0.07273470151371189,0.34493573510335707,448,-0.8482142857142857,0.3588130588823236,448
agent,14438030001,0.4235389430348466,14.148621961697128,410,0.0849353139356869,0.3550253692589548,410,-0.8048780487804879,0.3962945563237054,410
agent,14438040001,-3.5075795706448982,52.511245188280256,213,0.06436311520041435,0.3317614281480462,213,-0.8169014084507042,0.3867473300773515,213
agent,14438060001,-0.19080409111204133,53.2678118111326,4253,0.1035402054797053,0.3745404624810401,4253,-0.8205972254878909,0.38368922190943333,4253
agent,14438070001,-1.504164606686966,25.465894078538767,589,0.06170187698256585,0.33301291142250605,589,-0.765704584040747,0.42355763954830705,589
agent,14438080001,-0.9100800240186863,17.054840578596313,2189,0.10462181572366273,0.3760407591104463,2189,-0.8328003654636821,0.373154012101223,2189
agent,14438090001,-4.894867875359275,50.79879730171641,176,0.08332861451940103,0.35412181260569026,176,-0.7954545454545454,0.4033690761204283,176
agent,14438100001,0.049901684599446224,14.310225566837946,419,0.08836724201933012,0.35610799542304766,419,-0.7303102625298329,0.4437985837893576,419
agent,14438130001,-1.2201106849083534,45.71258351267754,325,0.11307213178047767,0.3822929301317988,325,-0.8553846153846154,0.3517126314875953,325
agent,14441190001,-1.7871918522610093,16.705585844961142,4809,0.09990455759590444,0.3716440338150021,4809,-0.8184653774173425,0.38546050820600236,4809
agent,14442230001,-0.1508909065136011,9.028868098027342,3450,0.09400484742893689,0.36588935738609263,3450,-0.8333333333333334,0.3726779962499649,3450
agent,14459810001,-0.6213303066851567,12.039308851550386,1091,0.11889383763648521,0.384975009956709,1091,-0.8148487626031164,0.38842020633237706,1091
agent,14459830001,2.0177487196784276,87.26130285895273,1831,0.08224929931025762,0.3533803215781573,1831,-0.7962861824139814,0.40275861022521775,1831
agent,14460160001,-2.41381102882772,34.43102529711728,217,0.09108216573016435,0.36303779477873255,217,-0.7880184331797235,0.40871185711781977,217
agent,14460190001,-1.0544102327811287,23.642993289835662,193,0.043152900325819615,0.30386492731219944,193,-0.7098445595854922,0.4538339573151956,193
agent,14460210001,-1.1870690221371858,121.44548586120254,230,0.09140309600726418,0.3627660605392238,230,-0.8565217391304348,0.3505599086139346,230
agent,14460220001,-19.18931551846591,87.59474811349743,55,0.08044256676327098,0.352006878662021,55,-0.7818181818181819,0.4130115160582017,55
agent,14460230001,0.014765450389114853,30.224176138570115,485,0.08282139316662071,0.3526063176723859,485,-0.7814432989690722,0.413267067966231,485
agent,14460270001,-1.4845185540616512,48.82836005417686,2048,0.09434978832723573,0.3651727920967948,2048,-0.8134765625,0.38952849030999465,2048
agent,14460280001,-4.1635141956562896,32.81596626574088,147,0.1062743449900426,0.3746705013539361,147,-0.8707482993197279,0.3354783130867471,147
agent,14460290001,-0.32850592667889444,48.718110538225226,3140,0.08561101644566864,0.3559596004917903,3140,-0.8194267515923567,0.38466420468657453,3140
agent,14460300001,2.3498583365362355,99.13461216814049,1198,0.07089375154751171,0.3434372897844758,1198,-0.8539232053422371,0.35318318861502546,1198
agent,14460310001,-1.7095680970412035,33.43089695627038,312,0.08663552158918136,0.3568764509858864,312,-0.7852564102564102,0.41064434783353165,312
agent,14460320001,1.7978084289949703,46.43070491981456,459,0.07750145402738991,0.35061968195346965,459,-0.7734204793028322,0.4186182527050266,459
agent,14460330001,-2.8480952912313073,31.54163869893514,163,0.06302468423828757,0.33470900732519615,163,-0.7484662576687117,0.4338945941125626,163
agent,14460340001,-30.769738474199848,112.98981153454733,31,0.02930893292350154,0.29565004483586066,31,-0.8387096774193549,0.3677985242255283,31
agent,14464600001,-1.3290226848877313,7.574133414425533,4078,0.08613103446918355,0.35809196058047627,4078,-0.8099558607160373,0.3923357801778732,4078
agent,14464610001,-1.6542167200509252,6.879732950876049,4778,0.0787191456203283,0.3503398579827449,4778,-0.8283800753453328,0.37704976610017094,4778
agent,14464630001,-0.8400421523096555,87.81041731098,401,0.08188393411047738,0.3506691480619508,401,-0.7980049875311721,0.4014885146633039,401
agent,14464640001,1.9750456938872467,12.718161863280592,74,0.13888421251967148,0.40076758628651965,74,-0.7837837837837838,0.4116634111277788,74
agent,14464650001,-0.8831327230924004,15.107007506807937,3770,0.06965329170385154,0.3419864848560899,3770,-0.8116710875331565,0.3909745940542677,3770
agent,14464660001,-0.9202620404437908,10.72485250648739,2060,0.08044668603869318,0.35341301250576396,2060,-0.8398058252427184,0.36678604271579784,2060
agent,14465200001,1.530029296875,0.0,1,-0.06746526062488556,0.0,1,0.0,0.0,1
agent,14465340001,-0.766452573176484,7.253038772405098,353,0.07914691099701793,0.3475894351651727,353,-0.7903682719546742,0.40704577954089677,353
agent,14465350001,0.7681052572225808,106.55014213052263,233,0.12113780179760487,0.38668489716834836,233,-0.759656652360515,0.4272919644516272,233
agent,14465360001,2.415228008401805,53.77421321729694,1160,0.08527857187236178,0.3553783881706225,1160,-0.8146551724137931,0.38857704830991513,1160
agent,14465370001,4.12143141860715,74.43012747384235,309,0.09547747420840279,0.36416330910792866,309,-0.7896440129449838,0.4075614625613247,309
agent,14465380001,6.99955149491628,94.7870757670011,96,0.13326245825737715,0.3974976053233689,96,-0.7708333333333334,0.420296687538167,96
agent,14465390001,0.4922857346441885,32.557939078856,4006,0.0836296588316359,0.35593795431542935,4006,-0.8172740888666999,0.3864416547602049,4006
agent,14465420001,29.740132649739582,43.268605930543124,3,-0.06746526062488556,0.0,3,-0.6666666666666666,0.4714045207910317,3
agent,14465430001,-3.134362763049556,35.060808616440234,102,0.04434642093438728,0.3096397306778402,102,-0.7941176470588235,0.40434491426080943,102
agent,14465440001,-1.7073727232037168,39.68962491998178,990,0.1010534672875597,0.37100430860270966,990,-0.8171717171717172,0.3865256806815611,990
agent,14465810001,-2.050906730024782,48.53742622545472,292,0.050821458640163894,0.32046217995105736,292,-0.7568493150684932,0.4289853486412396,292
agent,14465820001,1.3903057890118293,96.86821994896668,636,0.08772123328544809,0.35697769069398555,636,-0.8160377358490566,0.38745341593461513,636
agent,14465830001,0.22920317020056383,25.356024068793474,106,0.052106933070803586,0.31586203102474747,106,-0.7547169811320755,0.4302548773959011,106
agent,14465840001,-0.9872048310394678,19.94757556055714,1171,0.08366067544656569,0.35509709459641015,1171,-0.7976088812980359,0.4017822218223843,1171
agent,14465850002,-1.0818137199647966,22.532721982411633,3224,0.0767189598972759,0.34749414514484434,3224,-0.7931141439205955,0.4050729547053178,3224
agent,14465960001,0.25152607489069667,48.48991295191024,1090,0.069996703258895,0.34105330413011764,1090,-0.7724770642201835,0.4192329298539774,1090
agent,14466670001,-0.2563272001441389,42.763117611878215,1832,0.06549742344490306,0.33632919690545815,1832,-0.8144104803493449,0.38877506330331185,1832
agent,14466680001,-1.4896346688699893,35.155840357011826,4165,0.08391544091172007,0.355948040624178,4165,-0.8180072028811525,0.38583859179157487,4165
agent,14466700001,-1.6422782767943196,17.70806643220189,4284,0.08348969709263797,0.35582931935766443,4284,-0.8281979458450047,0.3772083089529171,4284
agent,14466710001,-171.99967868511493,468.81817416772884,52,0.07752939370962289,0.3391053154235881,52,-0.7115384615384616,0.45304688420729794,52
agent,14466720001,1.8113961199170796,107.12917526919055,3238,0.09500055207449246,0.36484889353063593,3238,-0.7798023471278567,0.4143798336571682,3238
agent,14466790002,-0.34740228109409155,23.89193217408971,2316,0.0645050000277105,0.3364421731115917,2316,-0.822538860103627,0.38205848207185894,2316
agent,14466810002,-0.819445756177529,9.779238115896202,2121,0.08051092901610923,0.3522755474058206,2121,-0.7718057520037718,0.4196684800859652,2121
agent,14466850002,-0.6523447667271638,19.784882972460338,3388,0.08543213793772593,0.357390915432612,3388,-0.8140495867768595,0.3890666485902946,3388
agent,14466900001,-1.8818249384562173,5.836771904948962,240,0.15369908958673478,0.41031679417281325,240,-0.7083333333333334,0.45452967144315476,240
agent,14466920001,0.17770638820434015,38.69850507652899,3295,0.10168972917590771,0.3719479131762201,3295,-0.8427921092564492,0.36399666184116936,3295
agent,14466940001,-3.7448499719579735,55.051304555523444,143,0.08826803317019989,0.3603441796376729,143,-0.8321678321678322,0.37371718086398287,143
agent,14466950001,8.013228141221424,91.97460665087178,149,0.09541971261469309,0.36713306862392303,149,-0.8120805369127517,0.39064784458671803,149
agent,14466960001,-1.3239014294682716,43.418949083223666,98,0.14074689773272495,0.4016051091432072,98,-0.8163265306122449,0.387217672673679,98
agent,14466970001,-0.6813557936230668,20.980167676322935,3926,0.09058380251825311,0.3622105713877175,3926,-0.8278145695364238,0.37754153148978076,3926
agent,14466990001,-4.962628205617269,18.1059047779115,48,0.10482351047297318,0.3711358772981963,48,-0.8541666666666666,0.3529390488770295,48
agent,14467000001,0.998628213372029,69.7953355462492,71,0.0828819581320588,0.34572086127502943,71,-0.8028169014084507,0.3978717434317052,71
agent,14467010001,-0.9680992501473277,38.0140392270699,3011,0.10321073187561536,0.3728097981783764,3011,-0.8409166389903686,0.3657538041627328,3011
agent,14467030001,0.9604150523310122,19.05635463840629,138,0.05043228294538415,0.3198531800353057,138,-0.8043478260869565,0.3967019041498839,138
agent,14467040001,-6.1666045833278345,67.04319186863417,222,0.10796047606178232,0.37546112016880034,222,-0.8288288288288288,0.3766584677543581,222
agent,14467050001,-1.436570735459917,23.217716625927512,4094,0.061653350711480315,0.3332415847106857,4094,-0.8561309233023937,0.3509569282230864,4094
agent,14467060001,-6.0330439277620975,57.899766929192985,273,0.06835687875529349,0.33757072526809817,273,-0.8095238095238095,0.39267672624930106,273
agent,14467070001,2.663657296564161,30.1757921205235,194,0.1480480540044529,0.4067644244994989,194,-0.7989690721649485,0.40077112407062193,194
agent,14467080001,0.16970346069335937,81.91021256098689,875,0.07541926234109061,0.34708435381921554,875,-0.8434285714285714,0.36339622497561896,875
agent,14467090001,-18.663281615351288,131.9892380281058,142,0.07013841561028655,0.3396776369772361,142,-0.7887323943661971,0.40820779566730814,142
agent,14467100001,-1.490079510409652,17.620343415974805,4281,0.10353784648106773,0.3735308030637729,4281,-0.7834618079887876,0.41188518231629523,4281
agent,14467450001,-0.7434160926820889,30.550849802130486,3739,0.04562645559962595,0.31308635033694654,3739,-0.8483551751805296,0.35867627733785595,3739
agent,14467470001,-1.3720651039710412,19.42229382996524,3640,0.09197794340223402,0.364992316458571,3640,-0.8244505494505494,0.3804363822786099,3640
agent,14467490001,0.791343316193124,41.428100765895024,921,0.07016133718459536,0.3421080876193171,921,-0.8458197611292074,0.3611214377637222,921
agent,14467760002,-0.7647439266368375,42.841769086223515,4012,0.08549263600189451,0.3582455017480726,4012,-0.8242771684945165,0.3805841799039721,4012
agent,14467770001,-0.5389561196378639,31.992844677035933,4061,0.11201208442031266,0.3824009532433508,4061,-0.8606254617089387,0.3463369405177778,4061
agent,14467780001,-4.251404455152609,47.097777110703866,236,0.1037414830998849,0.3747148403796513,236,-0.809322033898305,0.39283569000921464,236
agent,14467790001,-0.5807308549267052,20.49681626862579,3433,0.1314331949833632,0.3951047927979105,3433,-0.8284299446548209,0.3770063281352599,3433
agent,14476610001,3.2321662507526616,147.82987582717746,579,0.06864800887095496,0.3411405421367637,579,-0.7668393782383419,0.42284364275861486,579
agent,14476630002,-0.27832820033299105,13.129335019542385,2096,0.06680418074642884,0.33946834233504164,2096,-0.8406488549618321,0.366003220768879,2096
agent,14476940001,-2.400409161205023,8.259813857104877,355,0.11075969997426154,0.3818418815775972,355,-0.828169014084507,0.3772334796844027,355
agent,14477680001,6.795320540512164,199.1805918803074,193,0.043152900325819615,0.30386492731219944,193,-0.8341968911917098,0.3719038019673857,193
agent,14477700002,-1.468789099590855,24.786915543107348,3612,0.06319280755876307,0.33490990898034323,3612,-0.8344407530454042,0.37168452039656286,3612
agent,14477710002,-0.7677578285419305,21.128044135240398,3059,0.06632183270054574,0.336137063191007,3059,-0.7734553775743707,0.41859545682634736,3059
agent,14477720002,-1.7429848760868163,42.47766583060521,2376,0.07163751427623559,0.3442032934036908,2376,-0.7878787878787878,0.40881022918884974,2376
agent,14477730002,-1.6058186211737033,19.710053433266076,1768,0.07459293400270367,0.34759363598670445,1768,-0.8139140271493213,0.38917603158326075,1768
agent,14477750002,2.2013973082898297,89.51819179877675,1021,0.06740115477861316,0.3382173797453397,1021,-0.8285994123408423,0.3768586289436041,1021
agent,14477760002,-0.6413976022073099,19.162349666853697,666,0.07269886109206053,0.34462374281467867,666,-0.7927927927927928,0.40530529294421597,666
agent,14490190001,-4.52718862620267,55.196783294312766,176,0.07918009754608978,0.3480822615384289,176,-0.7386363636363636,0.4393776120268456,176
agent,14490210001,-0.16060959711982037,34.21533627651432,2155,0.11250038641373132,0.38004799458407157,2155,-0.8273781902552204,0.37791999225393824,2155
agent,14490250001,-0.7283632578531901,19.707926160591555,3750,0.09686294227838516,0.3680023504359118,3750,-0.7957333333333333,0.40316472508833856,3750
agent,14490260002,0.8680247947817943,48.46213774205151,122,0.02380466155829977,0.2863266791952266,122,-0.8442622950819673,0.36260649771466663,122
agent,14490990001,-1.150473334628484,20.631690975487665,3099,0.08714955603741723,0.3587656934269678,3099,-0.8125201677960633,0.3902962268850679,3099
agent,14491000001,-2.5818162135681266,30.51785776095642,529,0.07257149561479097,0.34447243266842226,529,-0.7920604914933838,0.4058333023651991,529
agent,14491010001,1.4075270606397827,61.679232852909855,2365,0.09930902176377134,0.36911529816066946,2365,-0.8207188160676533,0.3835875923699341,2365
agent,14491040001,-0.07689950394812937,50.80740067878943,2874,0.1031753718904845,0.373213938852389,2874,-0.7877522616562282,0.40889929800835506,2874
agent,14491390001,-1.5545352962402492,15.700785153325807,3297,0.08877597663360616,0.3612265112432396,3297,-0.7998180163785259,0.4001364230544952,3297
agent,14492600001,-4.627220126560756,54.80017314071807,140,0.061106167946543014,0.33472498611028517,140,-0.7857142857142857,0.4103259033241449,140
agent,14492610001,-0.8937011127391814,11.250856249462428,2619,0.10096824805829396,0.37198127382152546,2619,-0.799159984726995,0.40062863544452754,2619
agent,14492620001,-1.295655677670338,32.95019516235611,1525,0.08028410081980658,0.3513832545654505,1525,-0.7390163934426229,0.4391709959294685,1525
agent,14492670001,0.9557541613308889,34.088637537218176,265,0.0741940677728293,0.34616482689674244,265,-0.7962264150943397,0.4028025707469554,265
agent,14492680001,102.57526160930765,516.3814025970215,29,0.14873684326122547,0.4017571466252039,29,-0.9655172413793104,0.18246560765962672,29
agent,14492700001,-1.2679907174857707,6.906100052676608,2597,0.08448375547487642,0.3558906685867329,2597,-0.7866769349249133,0.4096539209894824,2597
agent,14492710001,-113.4313980102539,367.73953934093146,100,0.05523334950208664,0.32451375302717006,100,-0.8,0.3999999999999999,100
agent,14492720001,0.10128204943911942,30.295363673659484,1709,0.08281767713598091,0.35533601242550106,1709,-0.8010532475131656,0.39920789341116064,1709
agent,14492730001,-0.5838401619867553,40.188042968709325,2666,0.09367937358782333,0.3647351043911068,2666,-0.7891972993248312,0.4078785628875633,2666
agent,14492740001,2.6513037372836106,317.8202283356698,139,0.09080812067007847,0.3649971480277934,139,-0.7410071942446043,0.4380816502917505,139
agent,14497210001,-39.57291731400923,207.41042530453694,110,0.09076011682098561,0.36056444408433175,110,-0.8545454545454545,0.352558535084824,110
agent,14497790001,-2.4376781470066793,34.50390701449057,1184,0.08131758405550106,0.3536511768387031,1184,-0.8209459459459459,0.38339757404144065,1184
agent,14497810002,7.854910714285714,13.46903395837186,7,-0.06746526062488556,0.0,7,-1.0,0.0,7
agent,14498200001,-0.9497805641415512,10.000062630876423,1803,0.11456846277613278,0.3819940533944646,1803,-0.7958957293399889,0.40304555246070634,1803
agent,14499030001,0.4719482756009067,12.530964906478985,274,0.10288018657125696,0.3730923089310185,274,-0.7591240875912408,0.4276151391496879,274
agent,14499040001,-1.1736858007983508,14.2425012461998,2427,0.09638602955502446,0.36740181639709735,2427,-0.826946847960445,0.37829321776728914,2427
agent,14499050001,-5.652762252293276,55.45525423244634,89,0.0382065541958541,0.3009497575896734,89,-0.7078651685393258,0.4547439628055744,89
agent,14499060001,0.6418037414550781,12.83432111205905,32,0.08878473937511444,0.3630921887069453,32,-0.6875,0.46351240544347894,32
agent,14499070001,-1.3621990952536325,13.860415958875771,535,0.056047718909299264,0.3263619368945979,535,-0.7345794392523365,0.4415568895171486,535
agent,14499100001,-0.3073992403397649,41.325913650549474,2898,0.10491434888357619,0.3747123408499923,2898,-0.7936507936507936,0.40468408838037984,2898
agent,14499120001,-1.6248874899498502,5.342709621969043,3325,0.11975297152547908,0.3872414596242475,3325,-0.7912781954887218,0.4063951437121684,3325
agent,14499130001,-1.2919721377497475,5.669385013316375,1942,0.0946529374355268,0.36684285338730355,1942,-0.8244078269824923,0.3804728134735745,1942
agent,14499150001,12.267698100968904,72.22680089252295,153,0.13214076568488203,0.3958684703338283,153,-0.8104575163398693,0.3919389372696718,153
agent,14499550001,-1.1045056878317092,24.177448218476602,1486,0.10425940000553632,0.37389874719952554,1486,-0.8102288021534321,0.39211999479042975,1486
agent,14499590001,-103.29433186848958,229.78061008790831,6,-0.04497684290011724,0.050285630738993115,6,-1.0,0.0,6
agent,14499600001,1.180729133495386,26.30148649634703,69,0.1123143266076627,0.37733793767926077,69,-0.8115942028985508,0.39103587139803014,69
agent,14500600001,1.2037023785470546,27.00996385394893,87,0.10805038319922042,0.3768641481552922,87,-0.7011494252873564,0.4577542011894224,87
agent,14500610001,-0.5203939565280189,38.620362768442924,1976,0.0803603474955689,0.3530078824436795,1976,-0.8142712550607287,0.3888876164685041,1976
agent,14500620001,-1.2844440975301186,26.61659580518269,2555,0.10390753711622988,0.37464585245290233,2555,-0.8246575342465754,0.3802597605018624,2555
agent,14500640001,-1.232142470061883,35.56351476726932,1146,0.08021216708224065,0.3513179725432264,1146,-0.768760907504363,0.4216249216986956,1146
agent,14500650001,-1.8535186563219344,16.14582612799113,560,0.1091222877481154,0.3774735480964011,560,-0.7714285714285715,0.4199125273342591,560
agent,14500690001,-0.31511283775105925,25.793677491462145,2456,0.08204891009662749,0.3535158834029921,2456,-0.7842019543973942,0.4113748280056784,2456
agent,14500700001,-1.0123815051579879,36.291093546159956,1652,0.0929417785608884,0.3634038202663795,1652,-0.7978208232445521,0.40162514518134607,1652
agent,14500710001,-1.1025835010237557,15.320251225773749,2897,0.09483203810887539,0.3649891347739452,2897,-0.7908180876769072,0.40672452579104046,2897
agent,14500720001,-1.6014725636627714,24.33887909517997,177,0.11408801907199924,0.38461958765122295,177,-0.7796610169491526,0.414475229174152,177
agent,14501230001,-0.9196973661097084,24.485846381456543,1599,0.09074915930619458,0.3574643252673321,1599,-0.7898686679174484,0.40740171251452056,1599
agent,14501240001,-1.3560476237892085,8.548784140554435,2340,0.102630447749144,0.3747197965147654,2340,-0.8717948717948718,0.33431807206167424,2340
agent,14501250001,0.9665834589522014,22.91197593265168,903,0.06428276943011933,0.33398608667688945,903,-0.8028792912513842,0.3978242513108762,903
agent,14501710001,-0.4044421608298525,23.287357324495417,2121,0.10217265157360111,0.3721484740079583,2121,-0.7755775577557755,0.41720140179697646,2121
agent,14501720001,-50.281524658203125,46.854461669921875,2,-0.06746526062488556,0.0,2,-0.5,0.5,2
agent,14501730001,3.6930881341298423,42.54834216244108,384,0.10581526548291247,0.37687996447306155,384,-0.7265625,0.44572349454987226,384
agent,14501760001,-0.9031117463419036,22.111436205876974,2251,0.08334622951493376,0.354370389789764,2251,-0.776988005330964,0.4162663148787971,2251
agent,14501790001,-7.299645631209664,63.05000565219053,276,0.06443615792238194,0.3365036289904386,276,-0.7898550724637681,0.40741138541653915,276
agent,14501810001,-3.581649679273306,52.24578448854297,491,0.07327486492708599,0.33980083459729343,491,-0.7413441955193483,0.4378960827515115,491
agent,14501820001,-28.768169534617456,149.66176439883836,58,0.163651834531077,0.41432417442137487,58,-0.7586206896551724,0.4279197808962365,58
agent,14503420001,-0.7894835933562248,5.509689708834159,62,0.0938250619557596,0.3677985242255284,62,-0.7580645161290323,0.4282554208823146,62
agent,14503990002,2.982191644712936,58.52509280624167,215,0.07646270934925523,0.3455609707889939,215,-0.7581395348837209,0.4282102060087034,215
agent,14504230001,-1.5657116188613358,15.46647612953927,2827,0.08371875785899997,0.3559155058923355,2827,-0.8199504775380262,0.3842286974227576,2827
agent,14505960001,-3.7028307985202433,62.85389316640262,203,0.059010860221139314,0.32803190364660406,203,-0.7733990147783252,0.4186322714725193,203
agent,14518450001,0.4364975141786441,29.279208106192733,964,0.11106523900791322,0.37930521391355093,964,-0.8049792531120332,0.39621667704833724,964
agent,14518460001,-2.3131739967747738,32.55700289261324,893,0.10277433354670364,0.37322569686958434,893,-0.8107502799552072,0.3917068591533219,893
agent,14518480001,-19.772075566378508,222.08181450210915,44,0.07196497815576466,0.3425443374135745,44,-0.8181818181818182,0.38569460791993493,44
agent,14519440001,-0.9805279026370076,25.17347183431407,845,0.07828490280893427,0.34970972205372214,845,-0.7952662721893491,0.40350691258936966,845
agent,14519450001,-1.4022111493615705,10.107736966325188,1386,0.10124580765312369,0.3721277929042091,1386,-0.7922077922077922,0.4057272558912547,1386
agent,14519460001,-1.749952558428049,30.141865927424114,1024,0.0892034396820236,0.36065471705465824,1024,-0.8056640625,0.39568861608087247,1024
agent,14519470001,3.2738717388427405,55.68844433427776,737,0.08805599592353143,0.359769182309694,737,-0.7693351424694709,0.4212583305181629,737
agent,14519480001,-0.46617951935166385,28.724670992557765,1214,0.07051512913216869,0.3412359024246345,1214,-0.7685337726523888,0.42176962069958907,1214
agent,14519490001,9.730906302468819,107.04993126772152,627,0.11046724275728922,0.3778034259887524,627,-0.8022328548644339,0.3983155802130945,627
agent,14519500001,3.72936304499594,104.76036893878074,979,0.06973369361735705,0.33846728567332424,979,-0.8018386108273748,0.3986144164650854,979
agent,14519520001,0.24881966081969942,44.728301581662485,1115,0.06010275027409797,0.32982110749824656,1115,-0.7901345291479821,0.40721241999241475,1115
agent,14519530001,-0.29564795727271453,16.25156048078631,1186,0.1160917462275362,0.38457179222182564,1186,-0.8128161888701517,0.39005901089547157,1186
agent,14519540001,5.11678439351768,111.16590368407981,884,0.06943966878148225,0.3408538607051081,884,-0.7579185520361991,0.42834334419429293,884
agent,14519550001,-10.713993549346924,36.27849245200149,32,0.12003473937511444,0.3903123748998999,32,-0.5,0.5,32
agent,14519560001,-0.8897222491695939,9.255565605097592,1191,0.11540796504513143,0.3810726739321788,1191,-0.7371956339210747,0.4401570529354034,1191
agent,14519570001,0.9608440743749377,60.492385725409086,941,0.05732618370484343,0.3270867920644567,941,-0.7534537725823592,0.43100021480710393,941
agent,14519600001,-4.284829733801669,33.74246318957452,488,0.06861013183217557,0.3418205857215845,488,-0.7090163934426229,0.4542159698560132,488
agent,14519930001,-2.2833378508960793,14.764304575005212,381,0.09618120935801759,0.3657904780711607,381,-0.7926509186351706,0.4054077451430729,381
agent,14520230002,-0.40892329680988027,33.56639053740777,1046,0.08585525816929727,0.3564036481678855,1046,-0.7782026768642447,0.4154554977197542,1046
agent,14522680001,-1.5683239961684323,7.059851468123403,729,0.09168968806541505,0.3625229884489557,729,-0.8148148148148148,0.3884477215445006,729
agent,14522690001,-1.6134027549002008,5.916976203823061,1039,0.0549205797038707,0.32497701479261093,1039,-0.7333974975938402,0.4421827768207773,1039
agent,14522700001,19.72235107421875,42.88386654421052,5,-0.06746526062488556,0.0,5,-0.8,0.3999999999999999,5
agent,14522710001,-0.9120309790786432,13.034389051285359,686,0.10671000988507758,0.3767845190133402,686,-0.7361516034985423,0.440718073336081,686
agent,14522720001,4.914734244696206,67.24891338118735,341,0.11712275563447007,0.3848625484965601,341,-0.7419354838709677,0.4375696763306624,341
agent,14522730001,2.4785887915808877,191.06534736710572,111,0.08811907282283714,0.3595479227126087,111,-0.8828828828828829,0.321559789145491,111
agent,14522740001,-0.05823863779075842,17.01921550092108,486,0.08207106145689026,0.35492864569962207,486,-0.845679012345679,0.3612561700839391,486
agent,14522750001,-2.32562141151695,38.83655461059444,715,0.05209311080145669,0.32166505767357495,715,-0.8251748251748252,0.3798174996923152,715
agent,14522760001,-2.0030386633572386,12.896328227502213,809,0.0606177629550691,0.3315816291196709,809,-0.7527812113720643,0.43139501524388496,809
agent,14522770002,-1.6284509722267344,8.786718225661806,1022,0.06719145764926641,0.33934311129741146,1022,-0.8091976516634051,0.3929335977055609,1022
agent,14522780001,-1.068895485634451,21.80069579152901,838,0.09556477049227831,0.36712364522779917,838,-0.8162291169451074,0.3872972315885018,838
agent,14522790001,-0.21310637619039835,30.404343808727795,717,0.07848051855421133,0.346771011349011,717,-0.7391910739191074,0.4390758820038104,717
agent,14523080001,-2.4933242797851562,18.084032359983595,21,0.08181714443933397,0.3484808033140543,21,-0.8571428571428571,0.3499271061118826,21
agent,14523090001,-0.8971070429570845,7.500818939657191,586,0.08366729845467688,0.35285540030852935,586,-0.7849829351535836,0.4108341839127415,586
agent,14523110001,0.5715805658019415,53.440414962652525,707,0.10183970419402844,0.3705925448604608,707,-0.8005657708628006,0.39957504599968513,707
agent,14523130001,-1.1871343906635026,46.61274788605421,558,0.11493268593024182,0.37851262076754905,558,-0.7956989247311828,0.40318996256457373,558
agent,14523140001,-2.3649220264638546,36.941398655569955,543,0.06333392463336333,0.33236475623848255,543,-0.7716390423572744,0.41977640556279827,543
agent,14523150001,0.7290839102369604,28.049014408994086,729,0.11115528060575572,0.38114853164465695,729,-0.8120713305898491,0.3906551991512222,729
agent,14523180001,-1.83577649174087,21.56775393038316,762,0.09600413520270445,0.36583699226256294,762,-0.7795275590551181,0.4145652466484468,762
agent,14523200001,-1.1675155069480163,11.071227982381437,562,0.09521934634001654,0.36397778233990036,562,-0.7740213523131673,0.4182251767606334,562
agent,14523210001,0.7459259624212561,34.55312243087453,710,0.06796979303930847,0.33832232255015576,710,-0.7929577464788733,0.4051860792006805,710
agent,14523220001,-1.5419048892949478,9.552808605921252,902,0.09525985487152362,0.3641734238572417,902,-0.720620842572062,0.4486941539877619,902
agent,14523230001,-0.6741769980480321,17.646106621318452,844,0.08415615067804029,0.3543864886173747,844,-0.7843601895734598,0.41126546485906895,844
agent,14523250001,-0.0660708937534066,11.264872094007742,645,0.07248801226301711,0.34641653914189036,645,-0.8108527131782945,0.39162557463691383,645
agent,14523260001,4.330174501480594,45.447243805477434,155,0.07708178143347463,0.3484164395830514,155,-0.7612903225806451,0.4262949299788849,155
agent,14523270001,0.7367411782555546,24.185046954385317,705,0.07621391470550645,0.34672877331540153,705,-0.7489361702127659,0.43362516435257864,705
agent,14523280001,0.6210834452695793,30.57348166735997,529,0.07803279445955569,0.3456501899322662,529,-0.7618147448015122,0.4259730500918093,529
agent,14523290001,-4.830587517725278,70.63919118804769,73,0.03397023963601622,0.29385277258006515,73,-0.7808219178082192,0.41368955809702734,73
agent,14523910001,1.9300370324741711,77.1222729164304,352,0.0946922508830374,0.36497894291227884,352,-0.7642045454545454,0.42449494480047356,352
agent,14523920001,1.4346616590345227,77.63069499568262,629,0.06736714484107892,0.33991057778915384,629,-0.8012718600953895,0.3990429379335813,629
agent,14523930001,-1.4827478662001348,51.84772227909433,565,0.09976347489694579,0.37012265227520946,565,-0.7752212389380531,0.4174365456418533,565
agent,14523940001,-0.6844734080400248,9.05447905661916,958,0.09568068781762631,0.3666852063231767,958,-0.8016701461377871,0.39874192522132174,958
agent,14523950001,2.6011581420898438,7.650408503576434,18,0.1622531008389261,0.41287183785302084,18,-0.8888888888888888,0.31426968052735443,18
agent,14523960001,1.0872280860132024,70.7295835759232,645,0.09691296820492708,0.3669380178319233,645,-0.7829457364341085,0.41223986977700255,645
agent,14524040001,-11.210511151482077,105.90121469797224,34,0.0207700334927615,0.2836367870880281,34,-0.7647058823529411,0.42418250299576343,34
agent,14524050001,-0.8712368283305768,34.8924783659611,842,0.0791247026937308,0.35015147136777774,842,-0.8194774346793349,0.384622111598789,842
agent,14524060001,-2.3609168448854687,25.204306739329603,739,0.09952363182307902,0.3723301699224717,739,-0.945872801082544,0.22626852466661418,739
agent,14524070001,1.6874891444614954,82.12498975184168,700,0.08504059163587434,0.35648293218693994,700,-0.8057142857142857,0.3956498142426003,700
agent,14524410001,8.461991530198317,166.6789863502275,559,0.09106634237365348,0.36179224027549484,559,-0.7477638640429338,0.43429605993436615,559
agent,14524470001,-1.3001712105908263,25.29600645412211,831,0.06997682668815594,0.3424727700641103,831,-0.8158844765342961,0.38757837592499117,831
agent,14526300001,-1.1489834774648793,8.675634782686608,441,0.07710185180715963,0.34673709217740767,441,-0.7278911564625851,0.4450456390148605,441
agent,14527230001,-1.4414819081624348,9.883720344966221,408,0.08435952747423275,0.3560497151066017,408,-0.8259803921568627,0.37912634296400194,408
agent,14527380001,1.6526649552162247,23.395590747926743,99,0.06657373950336919,0.3372157775330412,99,-0.8282828282828283,0.37713443843625194,99
agent,14527390001,1.1565979439871652,15.014623592185414,175,0.10550537373338427,0.37645425008916394,175,-0.76,0.4270831300812525,175
agent,14527680001,0.9588505671574519,4.95841683243301,13,0.16330397014434522,0.42132504423474315,13,-0.8461538461538461,0.36080121229410994,13
agent,14527690001,-21.38591567608489,126.14129319343785,119,0.11967642855744402,0.3875021612877122,119,-0.8739495798319328,0.33190617912826054,119
agent,14527700001,6.087038470852759,40.5373254809029,62,0.09075382063465734,0.3491273506772069,62,-0.8064516129032258,0.39507899077148045,62
agent,14527710001,-2.2653445063410578,20.41332140247451,185,0.0914795583969838,0.3630269103141197,185,-0.7945945945945946,0.4039975554822659,185
agent,14527760001,-7.520197534853695,78.40132308300642,163,0.07081524259839321,0.3410199503185608,163,-0.7975460122699386,0.4018287826702532,163
agent,14527770001,-4.287298537589408,76.70708223536494,148,0.11679055702847403,0.38565302589821926,148,-0.8378378378378378,0.3685995053239421,148
agent,14527780001,-3.99741212148515,89.26730954727738,126,0.07066800539928769,0.34098873541459057,126,-0.8095238095238095,0.39267672624930106,126
agent,14527790001,-2.9673641467916556,25.316730380149554,174,0.07776382565498352,0.35042251720178125,174,-0.8563218390804598,0.3507630924061409,174
agent,14527810001,-37.598383676438104,205.0030279259597,126,0.10713791397828905,0.37962732517782216,126,-0.8174603174603174,0.3862886832900938,126
agent,14527820001,-1.9704662376726176,86.85493522063065,142,0.09545678519447084,0.36817991653615106,142,-0.8380281690140845,0.3684249678740374,142
agent,14527840001,-27.662799232884456,118.047996934561,19,0.09042947621721971,0.3646422752776584,19,-0.7368421052631579,0.44034738238635557,19
agent,14528470001,-0.6286459043044452,7.215899916889058,129,0.1372230457243069,0.40009559583545296,129,-0.8449612403100775,0.36194162883500014,129
agent,14528530001,-0.24781212017690535,88.67546645855113,278,0.08244356143174411,0.3540293912171076,278,-0.7949640287769785,0.40372790555973936,278
agent,14528550001,3.491598526365521,90.70487576817156,293,0.0531808317419612,0.31954162398587155,293,-0.7986348122866894,0.40102025995015983,293
agent,14528560001,-1.1163758201466205,14.005166564542817,287,0.07425826736028186,0.34583875697138433,287,-0.7560975609756098,0.42943455760143917,287
agent,14528570001,-1.6708944630248384,8.098020534671805,382,0.09992875388935599,0.3704515246299157,382,-0.806282722513089,0.39520993647676683,382
agent,14528590001,-6.649795055389404,81.32682618361088,184,0.05900137531368629,0.33046041203781323,184,-0.7554347826086957,0.42982911934121965,184
agent,14528600001,-1.2867308216710245,26.49797893505753,310,0.05624217506377928,0.3234789130365664,310,-0.7612903225806451,0.4262949299788849,310
agent,14528610001,-22.537738980745015,169.82299345402623,190,0.059268655431898014,0.3252041277277465,190,-0.7894736842105263,0.4076824574955175,190
agent,14528620001,-1.251771406693892,25.191452229936232,66,0.10737901248715141,0.37040458340169546,66,-0.7424242424242424,0.43729908150490343,66
agent,14528630001,-11.501412693458267,103.02451460869004,237,0.07884129014196276,0.3499119985616104,237,-0.8185654008438819,0.38537784755377014,237
agent,14528640001,-2.614094947790874,49.564969036257196,317,0.06485181680237082,0.33501009092809,317,-0.7728706624605678,0.41897685087404396,317
agent,14528650001,0.37938256055016306,14.98897862954789,297,0.11953717043704858,0.3878923534544364,297,-0.7744107744107744,0.4179697679106457,297
agent,14529270001,0.6714860856739295,27.20783183138897,289,0.03867540557491738,0.30472179808848515,289,-0.7716262975778547,0.4197846524876138,289
agent,14529280001,-0.18406615579934946,25.644784828536526,266,0.06939485786776793,0.3417791500107648,266,-0.7556390977443609,0.4297076351479563,266
agent,14529290001,-0.9219623359180243,11.58424341395196,351,0.10462816250629914,0.3761377853356973,351,-0.8205128205128205,0.38375973197681457,351
agent,14529300001,-1.6025278276012789,17.57255569210894,310,0.0927755539936404,0.3642540960875753,310,-0.7774193548387097,0.41597896769052406,310
agent,14531510001,-0.9377075831095377,10.059353444825575,96,0.052740177139639854,0.3176359228154424,96,-0.8020833333333334,0.3984289895605266,96
agent,14532220001,-1.2654468189586292,11.08287163390433,55,0.11435292119329626,0.38569460791993504,55,-0.6909090909090909,0.462118728259594,55
agent,14532230002,-68.28889179229736,239.64345073636474,32,0.02628473937511444,0.2914805954090255,32,-0.8125,0.3903123748998999,32
agent,14532240001,-0.6326483267324942,7.0312132434100905,54,0.10170011912231092,0.37200388920390237,54,-0.8148148148148148,0.3884477215445006,54
agent,14532250001,24.829587118966238,74.18931688545462,28,0.039677596517971585,0.30929478706587094,28,-0.9285714285714286,0.2575393768188564,28
agent,14532260001,-1.1804554279033954,7.202524212512166,39,0.08638089322126828,0.36080121229410994,39,-0.8461538461538461,0.36080121229410994,39
agent,14532270001,13.784661974225726,219.5156430620215,28,-0.03175097491059985,0.18557687223952254,28,-0.75,0.4330127018922193,28
agent,14532280001,-11.39407466008113,64.83035689934567,39,0.13766294450331956,0.4037952755903493,39,-0.8717948717948718,0.33431807206167424,39
agent,14532290001,-52.30756481273754,227.76412308439026,37,-0.013411206570831505,0.2261243314956961,37,-0.8378378378378378,0.3685995053239421,37
agent,14532320001,10.006641387939453,25.139500015688203,40,0.03590800203382969,0.2996149605842131,40,-0.8,0.3999999999999999,40
agent,14532340001,0.06962700609890919,5.059477364163951,53,0.045742286544925764,0.31684633252352196,53,-0.8490566037735849,0.3579936973775523,53
agent,14532350001,-99.04846978956654,294.0900200026468,31,0.09817765893474702,0.36666066586792817,31,-0.8709677419354839,0.3352356401746215,31
agent,14533470001,-0.2557814144393773,29.517708380900686,309,0.07667623460292816,0.34907553747311454,309,-0.7993527508090615,0.40048461965854304,309
agent,14533480001,-0.1958021576871577,9.225945912284418,291,0.09451044558249798,0.36788376220479996,291,-0.7663230240549829,0.4231690523398527,291
agent,14533490001,-3.5984965467874983,44.99194885403011,226,0.08332873959984399,0.35202746673870744,226,-0.6991150442477876,0.4586427794637146,226
agent,14533820001,-0.8283162434895833,7.675395910096839,195,0.07168822915126116,0.34524080014666136,195,-0.841025641025641,0.3656521737430951,195
agent,14534060001,0.392571049351846,10.748473457529537,62,0.14438845721944685,0.4063115438275484,62,-0.7903225806451613,0.40707836981045037,62
agent,14534840001,-2.077181664066038,5.030512643141875,207,0.1457469640434652,0.4088873764046778,207,-0.7681159420289855,0.42203535590031993,207
agent,14534850001,4.244532729640151,29.872840919337396,33,0.035710239952260796,0.28621498887608315,33,-0.9393939393939394,0.23860629921247908,33
global,ALL,-1.0711860866681464,30.99046659176577,1171429,0.09311271717426794,0.36471175985967424,1171429,-0.8256522589077101,0.3794082316823209,1171429
topic,IF,-0.8794609927998733,33.538213795097725,404898,0.10917535074025864,0.3785543697991908,404898,-0.7772179660062535,0.4161132049374974,404898
topic,Móvel,-1.76874169583182,24.65693773253383,53738,0.08394625950035534,0.35701962550113886,53738,-0.9974319848152146,0.050610477994148334,53738
topic,OTHER,-2.2790129108429404,29.00565308103351,211595,0.06795297075473997,0.34060800618706594,211595,-0.9702355915782509,0.16993671884867145,211595
topic,TV,-0.6221092173725399,28.869822475563254,448568,0.09368630744949633,0.36509826131783174,448568,-0.7770126268481033,0.41624993041046077,448568
topic,VF,-0.805468054685714,40.09654718960276,52630,0.0751617614064474,0.34718106035343377,52630,-0.856146684400532,0.3509409340480358,52630
